-- phpMyAdmin SQL Dump
-- version 4.2.11
-- http://www.phpmyadmin.net
--
-- Host: 127.0.0.1
-- Generation Time: Jun 20, 2015 at 07:18 PM
-- Server version: 5.6.21
-- PHP Version: 5.5.19

SET SQL_MODE = "NO_AUTO_VALUE_ON_ZERO";
SET time_zone = "+00:00";


/*!40101 SET @OLD_CHARACTER_SET_CLIENT=@@CHARACTER_SET_CLIENT */;
/*!40101 SET @OLD_CHARACTER_SET_RESULTS=@@CHARACTER_SET_RESULTS */;
/*!40101 SET @OLD_COLLATION_CONNECTION=@@COLLATION_CONNECTION */;
/*!40101 SET NAMES utf8 */;

--
-- Database: `bellavitagown_db`
--

DELIMITER $$
--
-- Procedures
--
CREATE DEFINER=`root`@`localhost` PROCEDURE `Add product_dtl_image`(IN `in_code` VARCHAR(20), IN `in_numImg` INT)
    NO SQL
BEGIN  
     
    DECLARE _output TEXT DEFAULT '';
    DECLARE _output2 TEXT DEFAULT '';
    DECLARE v_dtl_id INTEGER DEFAULT 0;
    DECLARE v_finished INTEGER DEFAULT 0;
    DECLARE v_index INTEGER DEFAULT 2;
    
   	-- declare cursor for product detail id
    DEClARE product_dtl_id_curr CURSOR FOR 
    SELECT product_dtl_id FROM product_dtl where code = in_code;

	-- declare NOT FOUND handler
 	DECLARE CONTINUE HANDLER 
    FOR NOT FOUND SET v_finished = 1;
        
	OPEN product_dtl_id_curr;
 
 	get_product_dtl: LOOP
 
        FETCH product_dtl_id_curr INTO v_dtl_id;
     
        IF v_finished = 1 THEN 
        LEAVE get_product_dtl;
        END IF;
     
     	-- SET _output = CONCAT(v_dtl_id,";;",_output);
        
     	SET v_index = 0;
        WHILE v_index<=in_numImg DO
        	-- SET _output2 = CONCAT(in_code,"_",v_index,".png >> ", v_dtl_id,"|||",_output2);
            insert into product_dtl_image (product_dtl_id, name) values (v_dtl_id,CONCAT(in_code,"_",v_index,".png"));
            SET v_index = v_index + 1;
		END WHILE;
    
    END LOOP get_product_dtl;
    
    CLOSE product_dtl_id_curr;
    
    -- SELECT _output;
    -- SELECT _output2;
END$$

CREATE DEFINER=`root`@`localhost` PROCEDURE `Add product_dtl_size`(IN `start_id` INT, IN `end_id` INT, IN `size_S` INT, IN `size_SS` INT, IN `size_M` INT, IN `size_L` INT, IN `size_XL` INT, IN `size_XXL` INT, IN `size_3L` INT, IN `size_4L` INT, IN `size_5L` INT, IN `size_3S` INT, IN `size_FreeSize` INT)
BEGIN

    DECLARE _output TEXT DEFAULT '';

    WHILE start_id<=end_id DO

		IF size_S = 1 THEN
insert into product_dtl_size (product_dtl_id, size_id, created_by,created_date, updated_by, updated_date)values(start_id, 1, 'Tow', curdate(), 'Tow', curdate());
        END IF;
        
        IF size_SS = 1 THEN
insert into product_dtl_size (product_dtl_id, size_id, created_by,created_date, updated_by, updated_date)values(start_id, 2, 'Tow', curdate(), 'Tow', curdate());
        END IF;
        
        IF size_M = 1 THEN
insert into product_dtl_size (product_dtl_id, size_id, created_by,created_date, updated_by, updated_date)values(start_id, 3, 'Tow', curdate(), 'Tow', curdate());
        END IF;
        
        IF size_L = 1 THEN
insert into product_dtl_size (product_dtl_id, size_id, created_by,created_date, updated_by, updated_date)values(start_id, 4, 'Tow', curdate(), 'Tow', curdate());
        END IF;
        
        IF size_XL = 1 THEN
insert into product_dtl_size (product_dtl_id, size_id, created_by,created_date, updated_by, updated_date)values(start_id, 5, 'Tow', curdate(), 'Tow', curdate());
        END IF;
        
        IF size_XXL = 1 THEN
insert into product_dtl_size (product_dtl_id, size_id, created_by,created_date, updated_by, updated_date)values(start_id, 6, 'Tow', curdate(), 'Tow', curdate());
        END IF;
        
        IF size_3L = 1 THEN
insert into product_dtl_size (product_dtl_id, size_id, created_by,created_date, updated_by, updated_date)values(start_id, 7, 'Tow', curdate(), 'Tow', curdate());
        END IF;
        
        IF size_4L = 1 THEN
insert into product_dtl_size (product_dtl_id, size_id, created_by,created_date, updated_by, updated_date)values(start_id, 8, 'Tow', curdate(), 'Tow', curdate());
        END IF;
        
        IF size_5L = 1 THEN
insert into product_dtl_size (product_dtl_id, size_id, created_by,created_date, updated_by, updated_date)values(start_id, 9, 'Tow', curdate(), 'Tow', curdate());
        END IF;
        
        IF size_3S = 1 THEN
insert into product_dtl_size (product_dtl_id, size_id, created_by,created_date, updated_by, updated_date)values(start_id, 10, 'Tow', curdate(), 'Tow', curdate());
        END IF;
        
        IF size_FreeSize = 1 THEN
insert into product_dtl_size (product_dtl_id, size_id, created_by,created_date, updated_by, updated_date)values(start_id, 11, 'Tow', curdate(), 'Tow', curdate());
        END IF;
        
        
        SET start_id = start_id + 1 ;
        
    END WHILE;

	SELECT _output;
    
END$$

DELIMITER ;

-- --------------------------------------------------------

--
-- Table structure for table `catalog`
--

CREATE TABLE IF NOT EXISTS `catalog` (
`CATALOG_ID` int(11) NOT NULL,
  `CATALOG_NAME` varchar(255) COLLATE utf8_unicode_ci NOT NULL,
  `CATALOG_NAME_EN` varchar(250) COLLATE utf8_unicode_ci NOT NULL,
  `CREATED_BY` varchar(100) COLLATE utf8_unicode_ci NOT NULL,
  `CREATED_DATE` date NOT NULL,
  `UPDATED_BY` varchar(100) COLLATE utf8_unicode_ci NOT NULL,
  `UPDATED_DATE` date NOT NULL
) ENGINE=MyISAM AUTO_INCREMENT=11 DEFAULT CHARSET=utf8 COLLATE=utf8_unicode_ci;

--
-- Dumping data for table `catalog`
--

INSERT INTO `catalog` (`CATALOG_ID`, `CATALOG_NAME`, `CATALOG_NAME_EN`, `CREATED_BY`, `CREATED_DATE`, `UPDATED_BY`, `UPDATED_DATE`) VALUES
(1, 'เสื้อกาวน์', 'Doctor suit', 'Pai', '2015-04-20', 'Tow', '2015-04-20'),
(2, 'เสื้อผ่าตัด', 'Scrubs', 'Pai', '2015-04-20', 'Tow', '2015-04-20'),
(3, 'เสื้อคอกลม', '', 'Tow', '2015-04-25', 'Tow', '2015-04-25'),
(4, 'เสื้อคอวี', '', 'Tow', '2015-05-24', 'Tow', '2015-05-24'),
(5, 'เสื้อคอฮาวาย', '', 'Tow', '2015-05-24', 'Tow', '2015-05-24'),
(6, 'เสื้อปีกนก', '', 'Tow', '2015-05-24', 'Tow', '2015-05-24'),
(7, 'เสื้อปกเชิ้ต', '', 'Tow', '2015-05-24', 'Tow', '2015-05-24'),
(8, 'อื่นๆ', 'Other', 'Tow', '2015-05-24', 'Tow', '2015-05-24'),
(9, 'เสื้อคอจีน', 'เสื้อคอจีน', 'Tow', '2015-06-20', 'Tow', '2015-06-20'),
(10, 'เสื้อคอกล้วย', 'เสื้อคอกล้วย', 'Tow', '2015-06-20', 'Tow', '2015-06-20');

-- --------------------------------------------------------

--
-- Table structure for table `colors`
--

CREATE TABLE IF NOT EXISTS `colors` (
  `COLOR_ID` int(11) NOT NULL,
  `COLOR_NM_TH` varchar(50) CHARACTER SET utf8 COLLATE utf8_bin NOT NULL,
  `COLOR_NM_EN` varchar(50) CHARACTER SET utf8 COLLATE utf8_bin NOT NULL
) ENGINE=MyISAM DEFAULT CHARSET=utf8 COLLATE=utf8_unicode_ci;

--
-- Dumping data for table `colors`
--

INSERT INTO `colors` (`COLOR_ID`, `COLOR_NM_TH`, `COLOR_NM_EN`) VALUES
(1, 'แดง', 'red'),
(2, 'น้ำเงิน', 'blue'),
(3, 'ฟ้า', 'blue'),
(4, 'เขียว', 'green'),
(5, 'ม่วง', 'purple'),
(6, 'ส้ม', 'orange'),
(7, 'แดงเลือดหมู', 'scarlet'),
(8, 'ขาว', 'white'),
(9, 'เทา', 'gray'),
(10, 'ม่วงอมฟ้า', 'purple-blue'),
(11, 'เขียวเข้ม', 'dark-green'),
(12, 'เขียวอ่อน', 'light-green'),
(13, 'เขียวมะนาว', 'lemon-green'),
(14, 'น้ำเงินกรมท่า', 'navy'),
(15, 'ฟ้าเข้ม', 'dark-blue'),
(16, 'ฟ้าอ่อน', 'light-blue'),
(17, 'เหลือง', 'yellow'),
(18, 'ชมพูบานเย็น', 'magenta'),
(19, 'ม่วงเข้ม', 'dark-purple'),
(20, 'ม่วงชมพู', 'purple-pink'),
(21, 'สีฟ้าเข้มแต่งขาว', 'dark-blue and white'),
(22, 'ม่วงอมน้ำเงินแต่งขาว', 'blue-purple-white'),
(23, 'ชมพูแต่งขาว', 'pink with white'),
(24, 'ลายม่วง', 'purple-style'),
(25, 'ลายชมพู', 'pink-style'),
(26, 'ลายฟ้า', 'blue-style'),
(27, 'ฟ้า-ขาว', 'white-blue'),
(28, 'ม่วง-ขาว', 'white-purple'),
(29, 'ลายหมา-ฟ้า', 'Dog-blue'),
(30, 'ลายหมา-เขียวเข้ม', 'Dog-dark green'),
(31, 'ลายหมา-เทา', 'Dog-grey'),
(32, 'ลายเป็ด-ฟ้า', 'Duck-blue'),
(33, 'ลายเป็ด-เขียวอ่อน', 'Duck-light green'),
(34, 'ลายหมาแมว-กรมท่า', 'CatDog-navy'),
(35, 'ลายหมาแมว-เทา', 'CatDog-grey'),
(36, 'ลายนก-เขียว', 'Bird-green'),
(37, 'ลายนก-น้ำเงิน', 'Bird-deep blue'),
(38, 'ลายนก-ม่วงเข้ม', 'Bird-dark purple'),
(39, 'ขาว-ฟ้าน้ำทะเล', 'white-blue sea'),
(40, 'ขาว-ม่วงอมชมพู', 'white-pink purple'),
(41, 'ขาว-ม่วงน้ำเงิน', 'white-blue purple'),
(42, 'ขาว-ชมพู', 'white-pink'),
(43, 'เขียวเข้ม-เขียวอ่อน', 'dark-light green'),
(44, 'น้ำเงินเข้-ฟ้าอ่อน', 'dark-light blue'),
(45, 'ฟ้าน้ำทะเล', 'blue sea'),
(46, 'เขียวอ่อน-เทา', 'light green-grey'),
(47, 'ม่วง-เทา', 'puple-grey'),
(48, 'ฟ้า-เทา', 'blue-grey'),
(49, 'ขาว-ฟ้าเข้ม', 'white-dark blue'),
(50, 'เขียวอ่อนแต่งม่วงน้ำ', 'light green with purple blue'),
(51, 'ม่วงชมพูแต่งเขียวอ่อน', 'pink purple with light green'),
(52, 'ฟ้าแต่งม่วงชมพู', 'blue with pink purple'),
(53, 'ม่วงเข้มแต่งชมพู', 'dark purple with pink'),
(54, 'ชมพูแต่งชมพูอ่อน', 'pink with light pink'),
(55, 'ขาวแต่งชมพู', 'white with pink'),
(56, 'ขาวแต่งฟ้าเข้ม', 'white with dark blue'),
(57, 'ขาวแต่งม่วงน้ำเงิน', 'white with blue purple'),
(58, 'ชมพู', 'pink'),
(59, 'ม่วงน้ำเงิน', 'purple blue'),
(60, 'เขียวอ่อนแต่งม่วงอมชมพู', 'light green with pink purple'),
(61, 'ม่วงอ่อนแต่งม่วงเข้ม', 'light purple with dark purple'),
(62, 'ฟ้าอ่อนแต่งชมพูอ่อน', 'light blue with light pink'),
(63, 'ลายทางน้ำเงินแต่งขาว', 'blue with white band style'),
(64, 'ขาวแต่งสก็อตฟ้า', 'white with blue scott style'),
(65, 'ขาวแต่งสก็อตชมพู', 'white with pink scott style'),
(66, 'ม่วงน้ำเงินแต่งขาว', 'ิblue purple with white'),
(67, 'ลายทางชมพูอ่อนแต่งขาว', 'light pink with white band style'),
(68, 'ลายทางฟ้าอ่อนแต่งขาว', 'light blue with white band style'),
(69, 'ลายทางน้ำตาลอ่อนแต่งขาว', 'light brown with white band style'),
(70, 'ขาวแต่งกรมท่าเนคไทกรมท่า', 'white with navy and navy necktie'),
(71, 'ขาวแต่งเขียวเข้มเนคไทเหลือง', 'white with dark green and yellow necktie'),
(72, 'ครีม', 'cream'),
(73, 'เขียวขี้ม้า', 'olive green'),
(74, 'เขียวหยก', 'jade green'),
(75, 'ลายหมาแมว - เขียว', 'CatDog - green'),
(76, 'ลายอื่นๆ', 'Other style');

-- --------------------------------------------------------

--
-- Table structure for table `order`
--

CREATE TABLE IF NOT EXISTS `order` (
`ORDER_ID` int(11) NOT NULL,
  `ORDER_PRICE_TOTAL` int(11) DEFAULT NULL,
  `USER_ID` int(11) DEFAULT NULL,
  `ORDER_CFM_TIME` datetime DEFAULT NULL,
  `ORDER_PAY_TIME` datetime DEFAULT NULL,
  `ORDER_PAY_SLIP` varchar(100) COLLATE utf8_unicode_ci DEFAULT NULL,
  `ORDER_PST_CODE` varchar(20) COLLATE utf8_unicode_ci DEFAULT NULL,
  `ORDER_FLG` int(11) NOT NULL DEFAULT '1',
  `ORDER_GNR_NUMBER` varchar(10) COLLATE utf8_unicode_ci NOT NULL
) ENGINE=MyISAM DEFAULT CHARSET=utf8 COLLATE=utf8_unicode_ci;

-- --------------------------------------------------------

--
-- Table structure for table `order_dtl`
--

CREATE TABLE IF NOT EXISTS `order_dtl` (
`ORDER_DTL_ID` int(11) NOT NULL,
  `PRODUCT_DTL_ID` int(11) NOT NULL,
  `SIZE_ID` int(11) NOT NULL,
  `QUANTITY` int(11) NOT NULL,
  `ORDER_GRN_NUMBER` varchar(10) COLLATE utf8_unicode_ci NOT NULL,
  `TOTAL` int(11) NOT NULL,
  `PRICE` int(11) NOT NULL
) ENGINE=MyISAM DEFAULT CHARSET=utf8 COLLATE=utf8_unicode_ci;

-- --------------------------------------------------------

--
-- Table structure for table `product`
--

CREATE TABLE IF NOT EXISTS `product` (
`PRODUCT_ID` int(11) NOT NULL,
  `CATALOG_ID` int(11) NOT NULL,
  `PRODUCT_NM_TH` varchar(50) COLLATE utf8_unicode_ci NOT NULL,
  `PRODUCT_NM_EN` varchar(50) COLLATE utf8_unicode_ci NOT NULL,
  `PRICE` int(11) NOT NULL,
  `CREATED_BY` varchar(100) COLLATE utf8_unicode_ci NOT NULL,
  `CREATED_DATE` date NOT NULL,
  `UPDATED_BY` varchar(100) COLLATE utf8_unicode_ci NOT NULL,
  `UPDATED_DATE` date NOT NULL
) ENGINE=MyISAM AUTO_INCREMENT=60 DEFAULT CHARSET=utf8 COLLATE=utf8_unicode_ci;

--
-- Dumping data for table `product`
--

INSERT INTO `product` (`PRODUCT_ID`, `CATALOG_ID`, `PRODUCT_NM_TH`, `PRODUCT_NM_EN`, `PRICE`, `CREATED_BY`, `CREATED_DATE`, `UPDATED_BY`, `UPDATED_DATE`) VALUES
(1, 1, 'เสื้อกาวน์คอจีนป้ายตัวสั้นแขนสั้น', '', 990, '', '2015-04-20', '', '2015-04-20'),
(2, 1, 'เสื้อฮาวายตัวสั้นแขนสั้น', '', 560, '', '2015-04-20', '', '2015-04-20'),
(3, 2, 'เสื้อผ่าตัดใหญ่', 'Scrub', 1990, '', '2015-04-20', '', '2015-04-20'),
(4, 3, 'เสื้อคอวี', '', 790, 'Tow', '2015-04-25', 'Tow', '2015-04-25'),
(5, 3, 'เสื้อคอวีลายหมา', '', 790, 'Tow', '2015-04-25', 'Tow', '2015-04-25'),
(6, 2, 'เสื้อผ่าตัดเล็ก', '', 1990, 'Tow', '2015-04-25', 'Tow', '2015-04-25'),
(7, 1, 'เสื้อกาวน์คอจีนป้ายตัวยาวแขนยาว', '', 990, 'Tow', '2015-04-25', 'Tow', '2015-04-25'),
(8, 1, 'เสื้อกาวน์แพทย์ปกฮาวายตัวสั้นแขนสั้น', 'Short-sleeved Hawaii scrubs suit', 990, 'Tow', '2015-05-24', 'Tow', '2015-05-24'),
(9, 3, 'เสื้อคอกลมตัวสั้นแขนสั้น', 'T-shirt short-sleeve', 990, 'Tow', '2015-05-24', 'Tow', '2015-05-24'),
(10, 4, 'เสื้อคอวีตัวสั้นแขนสั้น  เสื้อสครัป', '', 990, 'Tow', '2015-06-01', 'Tow', '2015-06-01'),
(11, 1, 'เสื้อกาวน์ปกฮาวายตัวสั้นแขนสั้น', '', 990, 'Tow', '2015-06-01', 'Tow', '2015-06-01'),
(12, 1, 'เสื้อกาวน์คอจีนป้ายตัวสั้นแขนยาวแบบซิป', '', 990, 'Tow', '2015-06-01', 'Tow', '2015-06-01'),
(13, 5, 'เสื้อคอฮาวายตัวสั้นแขนสั้นแบบเข้ารูป', '', 990, 'Tow', '2015-06-01', 'Tow', '2015-06-01'),
(14, 1, 'เสื้อกาวน์คอจีนผ่ากลางแบบซิปแต่งสีที่กระเป๋า', '', 990, 'Tow', '2015-06-01', 'Tow', '2015-06-01'),
(15, 6, 'เสื้อปีกนกตัวสั้นแขนสั้นเข้ารูป', '', 990, 'Tow', '2015-06-01', 'Tow', '2015-06-01'),
(16, 1, 'เสื้อกาวน์คอวีตัวสั้นแขนสั้นเข้ารูป', '', 990, 'Tow', '2015-06-01', 'Tow', '2015-06-01'),
(17, 4, 'เสื้อคอวีคอทูโทนตัวสั้นแขนสั้น', '', 990, 'Tow', '2015-06-01', 'Tow', '2015-06-01'),
(18, 7, 'เสื้อปกเชิ้ตตัวสั้นแขนสั้นเป๋าคู่เข้ารูป', '', 990, 'Tow', '2015-06-01', 'Tow', '2015-06-01'),
(19, 1, 'เสื้อกาวน์คอจีนกระดุมแป๊ะซ่อนตัวสั้นแขนสั้น', '', 990, 'Tow', '2015-06-01', 'Tow', '2015-06-01'),
(20, 4, 'เสื้อคอวีตัวสั้นแขนสั้น  เสื้อสครัป', '', 990, 'Tow', '2015-06-20', 'Tow', '2015-06-20'),
(21, 1, 'เสื้อกาวน์ปกฮาวายตัวสั้นแขนสั้น', '', 990, 'Tow', '2015-06-20', 'Tow', '2015-06-20'),
(22, 1, 'เสื้อกาวน์คอวีตัวสั้นแขนสั้นเข้ารูป', '', 990, 'Tow', '2015-06-20', 'Tow', '2015-06-20'),
(23, 4, 'เสื้อคอวีคอทูโทนตัวสั้นแขนสั้น', '', 990, 'Tow', '2015-06-20', 'Tow', '2015-06-20'),
(24, 7, 'เสื้อปกเชิ้ตตัวสั้นแขนสั้นเป๋าคู่เข้ารูป', '', 990, 'Tow', '2015-06-20', 'Tow', '2015-06-20'),
(25, 4, 'เสื้อคอวีป้ายตัวสั้นแขนสั้นเข้ารูป', '', 990, 'Tow', '2015-06-20', 'Tow', '2015-06-20'),
(26, 9, 'เสื้อคอจีนป้ายขวาตัวสั้นแขนสั้น', '', 990, 'Tow', '2015-06-20', 'Tow', '2015-06-20'),
(27, 4, 'เสื้อคอวีตัวสั้นแขนสั้นขลิบคอและแขน', '', 990, 'Tow', '2015-06-20', 'Tow', '2015-06-20'),
(28, 3, 'เสื้อคอกลมป้ายตัวสั้นแขนสั้น', '', 990, 'Tow', '2015-06-20', 'Tow', '2015-06-20'),
(29, 1, 'เสื้อกาวน์คอฮาวายตัวยาวแขนยาวแขนปล่อย', '', 990, 'Tow', '2015-06-20', 'Tow', '2015-06-20'),
(30, 1, 'เสื้อกาวน์คอฮาวายตัวยาวแขนยาวแขนจั๊ม', '', 990, 'Tow', '2015-06-20', 'Tow', '2015-06-20'),
(31, 1, 'เสื้อกาวน์คอกลมป้ายตัวยาวแขนยาวแขนจั๊ม', '', 990, 'Tow', '2015-06-20', 'Tow', '2015-06-20'),
(32, 1, 'เสื้อกาวน์คอฮาวายตัวยาวแขนสั้น', '', 990, 'Tow', '2015-06-20', 'Tow', '2015-06-20'),
(33, 1, 'เสื้อกาวน์คอจีนป้ายตัวยาวแขนยาวแขนจั๊ม แบบไม่ปัก', '', 990, 'Tow', '2015-06-20', 'Tow', '2015-06-20'),
(34, 1, 'เสื้อกาวน์คอจีนป้ายตัวยาวแขนยาวแขนจั๊ม แบบไม่ปัก', '', 990, 'Tow', '2015-06-20', 'Tow', '2015-06-20'),
(35, 1, 'เสื้อกาวน์คอจีนป้ายตัวยาวแขนยาวแขนจั๊ม แบบปัก', '', 990, 'Tow', '2015-06-20', 'Tow', '2015-06-20'),
(36, 1, 'เสื้อกาวน์คอบัวตัวยาวแขนยาวแขนจั๊ม', '', 990, 'Tow', '2015-06-20', 'Tow', '2015-06-20'),
(37, 9, 'เสื้อคอจีนผ่ากลางแบบกระดุมตัวยาวแขนยาวแขนจั๊ม(TST)', '', 990, 'Tow', '2015-06-20', 'Tow', '2015-06-20'),
(38, 9, 'เสื้อคอจีนผ่ากลางแบบกระดุมตัวยาวแขนยาวแขนจั๊ม(TLL)', '', 990, 'Tow', '2015-06-20', 'Tow', '2015-06-20'),
(39, 1, 'เสื้อกาวน์คอจีนผ่ากลางแบบซิปตัวยาวแขนยาวแขนจั๊ม', '', 990, 'Tow', '2015-06-20', 'Tow', '2015-06-20'),
(40, 10, 'เสื้อคอกล้วยตัวยาวแขนยาวแขนจั๊ม(TST)', '', 990, 'Tow', '2015-06-20', 'Tow', '2015-06-20'),
(41, 10, 'เสื้อคอกล้วยตัวยาวแขนยาวแขนจั๊ม(TRR)', '', 990, 'Tow', '2015-06-20', 'Tow', '2015-06-20'),
(42, 1, 'เสื้อกาวน์คอเชิ้ตตัวยาวแขนยาวแขนจั๊ม(TST)', '', 990, 'Tow', '2015-06-20', 'Tow', '2015-06-20'),
(43, 1, 'เสื้อกาวน์คอเชิ้ตตัวยาวแขนยาวแขนจั๊ม(TRR)', '', 990, 'Tow', '2015-06-20', 'Tow', '2015-06-20'),
(44, 1, 'เสื้อกาวน์คอจีนผ่ากลางไหล่ย่นตัวยาวแขนยาวแขนจั๊ม', '', 990, 'Tow', '2015-06-20', 'Tow', '2015-06-20'),
(45, 1, 'เสื้อกาวน์คอเชิ้ตเล็กตัวยาวแขนยาวแขนจั๊ม', '', 990, 'Tow', '2015-06-20', 'Tow', '2015-06-20'),
(46, 1, 'เสื้อกาวน์คอเชิ้ตตัวยาวแขนยาวแขนจั๊ม', '', 990, 'Tow', '2015-06-20', 'Tow', '2015-06-20'),
(47, 1, 'เสื้อกาวน์คอจีนผ่ากลางกระดุมแป๊ะซ่อนตัวยาวแขนยาวแข', '', 990, 'Tow', '2015-06-20', 'Tow', '2015-06-20'),
(48, 1, 'เสื้อกาวน์ปกเชิ้ตเหลี่ยมตัวยาวแขนยาวแขนจั๊ม', '', 990, 'Tow', '2015-06-20', 'Tow', '2015-06-20'),
(49, 1, 'เสื้อกาวน์ปกเชิ้ตเนคไทตัวยาวแขนยาวแขนจั๊ม ', '', 990, 'Tow', '2015-06-20', 'Tow', '2015-06-20'),
(50, 2, 'เสื้อผ่าตัดใหญ่', '', 990, 'Tow', '2015-06-20', 'Tow', '2015-06-20'),
(51, 2, 'เสื้อผ่าตัดเล็ก', '', 990, 'Tow', '2015-06-20', 'Tow', '2015-06-20'),
(52, 8, 'เอี๊ยมกันเปื้อนแบบเต็มตัวแบบยาวคลุมเข่า', '', 990, 'Tow', '2015-06-20', 'Tow', '2015-06-20'),
(53, 8, 'ชุดหมีปกฮาวายแขนสั้นขายาวแบบซิป', '', 990, 'Tow', '2015-06-20', 'Tow', '2015-06-20'),
(54, 8, 'ชุดหมีปกเชิ้ตแขนสั้นขายาวแบบซิป', '', 990, 'Tow', '2015-06-20', 'Tow', '2015-06-20'),
(55, 8, 'กางเกงขายาวเอวแบบหูรูด', '', 990, 'Tow', '2015-06-20', 'Tow', '2015-06-20'),
(56, 8, 'หมวกทรงเหลี่ยม', '', 990, 'Tow', '2015-06-20', 'Tow', '2015-06-20'),
(57, 8, 'หมวกทรงเหลี่ยม(ลาย)', '', 990, 'Tow', '2015-06-20', 'Tow', '2015-06-20'),
(58, 8, 'หมวกทรงกลม', '', 990, 'Tow', '2015-06-20', 'Tow', '2015-06-20'),
(59, 8, 'แมสผ้า', '', 990, 'Tow', '2015-06-20', 'Tow', '2015-06-20');

-- --------------------------------------------------------

--
-- Table structure for table `product_dtl`
--

CREATE TABLE IF NOT EXISTS `product_dtl` (
`PRODUCT_DTL_ID` int(11) NOT NULL,
  `PRODUCT_ID` int(11) NOT NULL,
  `CODE` varchar(20) COLLATE utf8_unicode_ci NOT NULL,
  `SIZE_ID` int(11) NOT NULL,
  `COLOR_ID` int(11) NOT NULL,
  `SIZE` varchar(1) COLLATE utf8_unicode_ci NOT NULL,
  `COLOR` varchar(16) COLLATE utf8_unicode_ci NOT NULL,
  `DETAIL` text COLLATE utf8_unicode_ci NOT NULL,
  `DETAIL_EN` text COLLATE utf8_unicode_ci NOT NULL,
  `DETAIL_SLUG` varchar(250) COLLATE utf8_unicode_ci NOT NULL,
  `IMAGE_NAME` varchar(50) COLLATE utf8_unicode_ci NOT NULL,
  `SUGGEST_FLG` int(11) NOT NULL,
  `CREATED_BY` varchar(100) COLLATE utf8_unicode_ci NOT NULL,
  `CREATED_DATE` date NOT NULL,
  `UPDATED_BY` varchar(100) COLLATE utf8_unicode_ci NOT NULL,
  `UPDATED_DATE` date NOT NULL,
  `IS_AVAILABLE_FLG` tinyint(1) NOT NULL DEFAULT '1'
) ENGINE=MyISAM AUTO_INCREMENT=185 DEFAULT CHARSET=utf8 COLLATE=utf8_unicode_ci;

--
-- Dumping data for table `product_dtl`
--

INSERT INTO `product_dtl` (`PRODUCT_DTL_ID`, `PRODUCT_ID`, `CODE`, `SIZE_ID`, `COLOR_ID`, `SIZE`, `COLOR`, `DETAIL`, `DETAIL_EN`, `DETAIL_SLUG`, `IMAGE_NAME`, `SUGGEST_FLG`, `CREATED_BY`, `CREATED_DATE`, `UPDATED_BY`, `UPDATED_DATE`, `IS_AVAILABLE_FLG`) VALUES
(1, 1, '', 1, 8, 'S', 'white', 'เสื้อคอจีนป้ายตัวสั้นแขนสั้น', '', 'เสื้อกาวน์-เสื้อคอจีนป้ายตัวสั้นแขนสั้น-S-ขาว', 'BC005TSTWH-big.jpg', 0, 'Pai', '2015-04-20', 'Tow', '2015-04-25', 1),
(22, 5, '', 1, 9, 'S', 'Gray', 'เสื้อคอวีลายหมาสีเทา', '', 'อื่นๆ-เสื้อคอวีลายหมาสีเทา-S-เทา', 'BV013TRRGR-DOG-big.jpg', 0, 'Tow', '2015-04-25', 'Tow', '2015-04-25', 1),
(19, 5, '', 1, 4, 'S', 'Green', 'เสื้อคอวีลายหมาสีเขียว', '', 'อื่นๆ-เสื้อคอวีลายหมาสีเขียว-S-เขียว', 'BV013TRRG-DOG-big.jpg', 0, 'Tow', '2015-04-25', 'Tow', '2015-04-25', 1),
(4, 2, '', 1, 8, 'S', 'white', 'เสื้อฮาวายตัวสั้นแขนสั้น', '', 'เสื้อกาวน์-เสื้อฮาวายตัวสั้นแขนสั้น-S-ขาว', 'BH001TSTWH-big.jpg', 0, 'Pai', '2015-04-20', 'Tow', '2015-04-25', 1),
(13, 4, '', 1, 4, 'S', 'Green', 'เสื้อคอวีสีเขียว', '', 'อื่นๆ-เสื้อคอวีสีเขียว-S-เขียว', 'BV013TSLG-big.jpg', 0, 'Tow', '2015-04-25', 'Tow', '2015-04-25', 1),
(16, 4, '', 1, 1, 'S', 'Red', 'เสื้อคอวีสีแดงเลือดหมู', '', 'อื่นๆ-เสื้อคอวีสีแดงเลือดหมู-S-แดง', 'BV013TSLR-big.jpg', 0, 'Tow', '2015-04-25', 'Tow', '2015-04-25', 1),
(10, 4, '', 1, 2, 'S', 'Blue', 'เสื้อคอวีสีน้ำเงิน', '', 'อื่นๆ-เสื้อคอวีสีน้ำเงิน-S-น้ำเงิน', 'BV013TSLDDB-big.jpg', 0, 'Tow', '2015-04-25', 'Tow', '2015-04-25', 1),
(7, 4, '', 1, 10, 'S', 'Purple-Blue', 'เสื้อคอวีสีม่วงฟ้า', '', 'อื่นๆ-เสื้อคอวีสีม่วงฟ้า-S-ม่วง-ฟ้า', 'BV013TSLBV-big.jpg', 0, 'Tow', '2015-04-25', 'Tow', '2015-04-25', 1),
(25, 5, '', 1, 1, 'S', 'Red', 'เสื้อคอวีลายหมาสีแดงเลือดหมู', '', 'อื่นๆ-เสื้อคอวีลายหมาสีแดงเลือดหมู-S-แดง', 'BV013TRRR-DOG2-big.jpg', 0, 'Tow', '2015-04-25', 'Tow', '2015-04-25', 1),
(28, 3, '', 1, 4, 'S', 'Green', 'เสื้อผ่าตัดใหญ่', 'Scrub', 'เสื้อผ่าตัดใหญ่-เสื้อผ่าตัดใหญ่-S-เขียว', 'NBE004TSCG-big.jpg', 0, 'Tow', '2015-04-25', 'Tow', '2015-04-25', 1),
(31, 6, '', 1, 2, 'S', 'Blue', 'เสื้อผ่าตัดเล็กสีฟ้า', '', 'เสื้อผ่าตัดใหญ่-เสื้อผ่าตัดเล็กสีฟ้า-S-น้ำเงิน', 'NBE006TSLB-big.jpg', 0, 'Tow', '2015-04-25', 'Tow', '2015-04-25', 1),
(34, 6, '', 1, 4, 'S', 'Green', 'เสื้อผ่าตัดเล็กสีเขียว', '', 'เสื้อผ่าตัดใหญ่-เสื้อผ่าตัดเล็กสีเขียว-S-เขียว', 'NBE006TSLGL-big.jpg', 0, 'Tow', '2015-04-25', 'Tow', '2015-04-25', 1),
(37, 7, '', 1, 5, 'S', 'Purple', 'เสื้อกาวน์คอจีนป้ายตัวยาวแขนยาวสีม่วงชมพู', '', 'เสื้อกาวน์-เสื้อกาวน์คอจีนป้ายตัวยาวแขนยาวสีม่วงชมพู-S-ม่วง', 'OCE007TRRV-big.jpg', 0, 'Tow', '2015-04-25', 'Tow', '2015-04-25', 1),
(38, 8, 'BH001', 1, 8, '', '', 'ผ้าโทเร ทอพิเศษ ผ้าหนานุ่ม', 'Retro fabric, thick/soft, special weave', '', 'BH001_1.png', 1, 'Tow', '2015-05-24', 'Tow', '2015-05-24', 1),
(39, 8, 'BHL004', 0, 8, '', '', 'ผ้าโทเร ทอพิเศษ ผ้าหนานุ่ม', 'Retro fabric, thick/soft, special weave', '', 'BHL004_1.png', 1, 'Tow', '2015-05-24', 'Tow', '2015-05-24', 1),
(40, 9, 'BR007', 0, 10, '', '', 'กระดุมเบาสบายที่ไหล่ 2 เม็ด เสื้อสครัป, ผ้าผสม Cotton เนื้อบาง', '2 sleeve button , short-sleev, mixed thin cotton', '', 'BR007_1.png', 1, 'Tow', '2015-05-24', 'Tow', '2015-05-24', 1),
(41, 9, 'BR007', 0, 7, '', '', 'กระดุมเบาสบายที่ไหล่ 2 เม็ด เสื้อสครัป, ผ้าผสม Cotton เนื้อบาง', '2 sleeve button , short-sleev, mixed thin cotton', '', 'BR007_1.png', 1, 'Tow', '2015-05-24', 'Tow', '2015-05-24', 1),
(42, 9, 'BR007', 0, 11, '', '', 'กระดุมเบาสบายที่ไหล่ 2 เม็ด เสื้อสครัป, ผ้าผสม Cotton เนื้อบาง', '2 sleeve button , short-sleev, mixed thin cotton', '', 'BR007_1.png', 1, 'Tow', '2015-05-24', 'Tow', '2015-05-24', 1),
(43, 10, 'BV013', 0, 12, '', '', 'ผ้าผสม Cotton เนื้อบาง', 'mixed thin cotton', '', 'BV013_1.png', 1, 'Tow', '2015-06-01', 'Tow', '2015-06-01', 1),
(44, 10, 'BV013', 0, 11, '', '', 'ผ้าผสม Cotton เนื้อบาง', 'mixed thin cotton', '', 'BV013_1.png', 1, 'Tow', '2015-06-01', 'Tow', '2015-06-01', 1),
(45, 10, 'BV013', 0, 13, '', '', 'ผ้าผสม Cotton เนื้อบาง', 'mixed thin cotton', '', 'BV013_1.png', 1, 'Tow', '2015-06-01', 'Tow', '2015-06-01', 1),
(46, 10, 'BV013', 0, 7, '', '', 'ผ้าผสม Cotton เนื้อบาง', 'mixed thin cotton', '', 'BV013_1.png', 1, 'Tow', '2015-06-01', 'Tow', '2015-06-01', 1),
(47, 10, 'BV013', 0, 2, '', '', 'ผ้าผสม Cotton เนื้อบาง', 'mixed thin cotton', '', 'BV013_1.png', 1, 'Tow', '2015-06-01', 'Tow', '2015-06-01', 1),
(48, 10, 'BV013', 0, 14, '', '', 'ผ้าผสม Cotton เนื้อบาง', 'mixed thin cotton', '', 'BV013_1.png', 1, 'Tow', '2015-06-01', 'Tow', '2015-06-01', 1),
(49, 10, 'BV013', 0, 15, '', '', 'ผ้าผสม Cotton เนื้อบาง', 'mixed thin cotton', '', 'BV013_1.png', 1, 'Tow', '2015-06-01', 'Tow', '2015-06-01', 1),
(50, 10, 'BV013', 0, 16, '', '', 'ผ้าผสม Cotton เนื้อบาง', 'mixed thin cotton', '', 'BV013_1.png', 1, 'Tow', '2015-06-01', 'Tow', '2015-06-01', 1),
(51, 10, 'BV013', 0, 17, '', '', 'ผ้าผสม Cotton เนื้อบาง', 'mixed thin cotton', '', 'BV013_1.png', 1, 'Tow', '2015-06-01', 'Tow', '2015-06-01', 1),
(52, 10, 'BV013', 0, 6, '', '', 'ผ้าผสม Cotton เนื้อบาง', 'mixed thin cotton', '', 'BV013_1.png', 1, 'Tow', '2015-06-01', 'Tow', '2015-06-01', 1),
(53, 10, 'BV013', 0, 10, '', '', 'ผ้าผสม Cotton เนื้อบาง', 'mixed thin cotton', '', 'BV013_1.png', 1, 'Tow', '2015-06-01', 'Tow', '2015-06-01', 1),
(54, 10, 'BV013', 0, 18, '', '', 'ผ้าผสม Cotton เนื้อบาง', 'mixed thin cotton', '', 'BV013_1.png', 1, 'Tow', '2015-06-01', 'Tow', '2015-06-01', 1),
(55, 10, 'BV013', 0, 19, '', '', 'ผ้าผสม Cotton เนื้อบาง', 'mixed thin cotton', '', 'BV013_1.png', 1, 'Tow', '2015-06-01', 'Tow', '2015-06-01', 1),
(56, 10, 'BV013', 0, 20, '', '', 'ผ้าผสม Cotton เนื้อบาง', 'mixed thin cotton', '', 'BV013_1.png', 1, 'Tow', '2015-06-01', 'Tow', '2015-06-01', 1),
(57, 11, 'BHK014', 0, 21, '', '', 'ผ้าโทเร ทอพิเศษ ผ้าหนานุ่ม', '', '', 'BHK014_1.png', 1, 'Tow', '2015-06-01', 'Tow', '2015-06-01', 1),
(58, 11, 'BHK014', 0, 22, '', '', 'ผ้าโทเร ทอพิเศษ ผ้าหนานุ่ม', '', '', 'BHK014_1.png', 1, 'Tow', '2015-06-01', 'Tow', '2015-06-01', 1),
(59, 11, 'BHK014', 0, 23, '', '', 'ผ้าโทเร ทอพิเศษ ผ้าหนานุ่ม', '', '', 'BHK014_1.png', 1, 'Tow', '2015-06-01', 'Tow', '2015-06-01', 1),
(60, 12, 'BCLZ018', 0, 8, '', '', 'ผ้าโทเร ทอพิเศษ ผ้าหนานุ่ม', '', '', 'BCLZ018_1.png', 1, 'Tow', '2015-06-01', 'Tow', '2015-06-01', 1),
(61, 13, 'BH019', 0, 8, '', '', 'ผ้า 2 ชนิด ผ้านุ่มลื่น ซักออกง่า  และผ้าโทเร ผอพิเศษ ผ้าหนานุ่ม', '', '', 'BH019_1.png', 1, 'Tow', '2015-06-01', 'Tow', '2015-06-01', 1),
(62, 14, 'BCZ031', 0, 5, '', '', 'ผ้าโทเร ทอพิเศษ ผ้าหนานุ่ม \r\nสีขาวแต่งกระเป๋าตามสี', '', '', 'BCZ031_1.png', 1, 'Tow', '2015-06-01', 'Tow', '2015-06-01', 1),
(63, 14, 'BCZ031', 0, 4, '', '', 'ผ้าโทเร ทอพิเศษ ผ้าหนานุ่ม \r\nสีขาวแต่งกระเป๋าตามสี', '', '', 'BCZ031_1.png', 1, 'Tow', '2015-06-01', 'Tow', '2015-06-01', 1),
(64, 14, 'BCZ031', 0, 3, '', '', 'ผ้าโทเร ทอพิเศษ ผ้าหนานุ่ม \r\nสีขาวแต่งกระเป๋าตามสี', '', '', 'BCZ031_1.png', 1, 'Tow', '2015-06-01', 'Tow', '2015-06-01', 1),
(65, 15, 'BWK035', 0, 8, '', '', 'TLL', 'TLL', '', 'BWK035_1.png', 1, 'Tow', '2015-06-01', 'Tow', '2015-06-01', 1),
(66, 15, 'BWK035', 0, 20, '', '', 'TLL', 'TLL', '', 'BWK035_1.png', 1, 'Tow', '2015-06-01', 'Tow', '2015-06-01', 1),
(67, 19, 'BCK084', 0, 24, '', '', 'TRR TST', 'TRR TST', '', 'BCK084_1.png', 1, 'Tow', '2015-06-01', 'Tow', '2015-06-01', 1),
(68, 19, 'BCK084', 0, 25, '', '', 'TRR TST', 'TRR TST', '', 'BCK084_1.png', 1, 'Tow', '2015-06-01', 'Tow', '2015-06-01', 1),
(69, 19, 'BCK084', 0, 26, '', '', 'TRR TST', 'TRR TST', '', 'BCK084_1.png', 1, 'Tow', '2015-06-01', 'Tow', '2015-06-01', 1),
(70, 19, 'BCK084', 0, 27, '', '', 'TRR TST', 'TRR TST', '', 'BCK084_1.png', 1, 'Tow', '2015-06-01', 'Tow', '2015-06-01', 1),
(71, 19, 'BCK084', 0, 28, '', '', 'TRR TST', 'TRR TST', '', 'BCK084_1.png', 1, 'Tow', '2015-06-01', 'Tow', '2015-06-01', 1),
(72, 20, 'BV087', 0, 29, '', '', 'ผ้าผสม Cotton เนื้อบาง', 'ผ้าผสม Cotton เนื้อบาง', '', 'BV087_1.png', 1, 'Tow', '2015-06-20', 'Tow', '2015-06-20', 1),
(73, 20, 'BV087', 0, 30, '', '', 'ผ้าผสม Cotton เนื้อบาง', 'ผ้าผสม Cotton เนื้อบาง', '', 'BV087_1.png', 1, 'Tow', '2015-06-20', 'Tow', '2015-06-20', 1),
(74, 20, 'BV087', 0, 31, '', '', 'ผ้าผสม Cotton เนื้อบาง', 'ผ้าผสม Cotton เนื้อบาง', '', 'BV087_1.png', 1, 'Tow', '2015-06-20', 'Tow', '2015-06-20', 1),
(75, 20, 'BV087', 0, 32, '', '', 'ผ้าผสม Cotton เนื้อบาง', 'ผ้าผสม Cotton เนื้อบาง', '', 'BV087_1.png', 1, 'Tow', '2015-06-20', 'Tow', '2015-06-20', 1),
(76, 20, 'BV087', 0, 33, '', '', 'ผ้าผสม Cotton เนื้อบาง', 'ผ้าผสม Cotton เนื้อบาง', '', 'BV087_1.png', 1, 'Tow', '2015-06-20', 'Tow', '2015-06-20', 1),
(77, 20, 'BV087', 0, 34, '', '', 'ผ้าผสม Cotton เนื้อบาง', 'ผ้าผสม Cotton เนื้อบาง', '', 'BV087_1.png', 1, 'Tow', '2015-06-20', 'Tow', '2015-06-20', 1),
(78, 20, 'BV087', 0, 35, '', '', 'ผ้าผสม Cotton เนื้อบาง', 'ผ้าผสม Cotton เนื้อบาง', '', 'BV087_1.png', 1, 'Tow', '2015-06-20', 'Tow', '2015-06-20', 1),
(79, 20, 'BV087', 0, 36, '', '', 'ผ้าผสม Cotton เนื้อบาง', 'ผ้าผสม Cotton เนื้อบาง', '', 'BV087_1.png', 1, 'Tow', '2015-06-20', 'Tow', '2015-06-20', 1),
(80, 20, 'BV087', 0, 37, '', '', 'ผ้าผสม Cotton เนื้อบาง', 'ผ้าผสม Cotton เนื้อบาง', '', 'BV087_1.png', 1, 'Tow', '2015-06-20', 'Tow', '2015-06-20', 1),
(81, 20, 'BV087', 0, 38, '', '', 'ผ้าผสม Cotton เนื้อบาง', 'ผ้าผสม Cotton เนื้อบาง', '', 'BV087_1.png', 1, 'Tow', '2015-06-20', 'Tow', '2015-06-20', 1),
(82, 21, 'BHK014', 0, 21, '', '', 'ผ้าโทเร ทอพิเศษ ผ้าหนานุ่ม', 'ผ้าโทเร ทอพิเศษ ผ้าหนานุ่ม', '', 'BHK014_1.png', 1, 'Tow', '2015-06-20', 'Tow', '2015-06-20', 1),
(83, 21, 'BHK014', 0, 22, '', '', 'ผ้าโทเร ทอพิเศษ ผ้าหนานุ่ม', 'ผ้าโทเร ทอพิเศษ ผ้าหนานุ่ม', '', 'BHK014_1.png', 1, 'Tow', '2015-06-20', 'Tow', '2015-06-20', 1),
(84, 21, 'BHK014', 0, 23, '', '', 'ผ้าโทเร ทอพิเศษ ผ้าหนานุ่ม', 'ผ้าโทเร ทอพิเศษ ผ้าหนานุ่ม', '', 'BHK014_1.png', 1, 'Tow', '2015-06-20', 'Tow', '2015-06-20', 1),
(85, 22, 'BVK057', 0, 39, '', '', 'TST', 'TST', '', 'BVK057_1.png', 1, 'Tow', '2015-06-20', 'Tow', '2015-06-20', 1),
(86, 22, 'BVK057', 0, 40, '', '', 'TST', 'TST', '', 'BVK057_1.png', 1, 'Tow', '2015-06-20', 'Tow', '2015-06-20', 1),
(87, 22, 'BVK057', 0, 41, '', '', 'TST', 'TST', '', 'BVK057_1.png', 1, 'Tow', '2015-06-20', 'Tow', '2015-06-20', 1),
(88, 22, 'BVK057', 0, 42, '', '', 'TST', 'TST', '', 'BVK057_1.png', 1, 'Tow', '2015-06-20', 'Tow', '2015-06-20', 1),
(89, 23, 'BVK064', 0, 43, '', '', 'TSL', 'TSL', '', 'BVK064_1.png', 1, 'Tow', '2015-06-20', 'Tow', '2015-06-20', 1),
(90, 23, 'BVK064', 0, 44, '', '', 'TSL', 'TSL', '', 'BVK064_1.png', 1, 'Tow', '2015-06-20', 'Tow', '2015-06-20', 1),
(91, 24, 'BS074', 0, 45, '', '', 'TRR', 'TRR', '', 'BS074_1.png', 1, 'Tow', '2015-06-20', 'Tow', '2015-06-20', 1),
(92, 25, 'BVK085N', 0, 46, '', '', 'TST', 'TST', '', 'BVK085N_1.png', 1, 'Tow', '2015-06-20', 'Tow', '2015-06-20', 1),
(93, 25, 'BVK085N', 0, 47, '', '', 'TST', 'TST', '', 'BVK085N_1.png', 1, 'Tow', '2015-06-20', 'Tow', '2015-06-20', 1),
(94, 25, 'BVK085N', 0, 48, '', '', 'TST', 'TST', '', 'BVK085N_1.png', 1, 'Tow', '2015-06-20', 'Tow', '2015-06-20', 1),
(95, 26, 'BC086', 0, 40, '', '', 'TST', 'TST', '', 'BC086_1.png', 1, 'Tow', '2015-06-20', 'Tow', '2015-06-20', 1),
(96, 26, 'BC086', 0, 8, '', '', 'TST', 'TST', '', 'BC086_1.png', 1, 'Tow', '2015-06-20', 'Tow', '2015-06-20', 1),
(97, 26, 'BC086', 0, 49, '', '', 'TST', 'TST', '', 'BC086_1.png', 1, 'Tow', '2015-06-20', 'Tow', '2015-06-20', 1),
(98, 27, 'BVK088', 0, 50, '', '', 'TST', 'TST', '', 'BVK088_1.png', 1, 'Tow', '2015-06-20', 'Tow', '2015-06-20', 1),
(99, 27, 'BVK088', 0, 51, '', '', 'TST', 'TST', '', 'BVK088_1.png', 1, 'Tow', '2015-06-20', 'Tow', '2015-06-20', 1),
(100, 27, 'BVK088', 0, 52, '', '', 'TST', 'TST', '', 'BVK088_1.png', 1, 'Tow', '2015-06-20', 'Tow', '2015-06-20', 1),
(101, 28, 'BR091', 0, 53, '', '', 'TLL', 'TLL', '', 'BR091_1.png', 1, 'Tow', '2015-06-20', 'Tow', '2015-06-20', 1),
(102, 28, 'BR091', 0, 54, '', '', 'TLL', 'TLL', '', 'BR091_1.png', 1, 'Tow', '2015-06-20', 'Tow', '2015-06-20', 1),
(103, 28, 'BR091', 0, 55, '', '', 'TLL', 'TLL', '', 'BR091_1.png', 1, 'Tow', '2015-06-20', 'Tow', '2015-06-20', 1),
(104, 29, 'OH001', 0, 8, '', '', 'TST', 'TST', '', 'OH001_1.png', 1, 'Tow', '2015-06-20', 'Tow', '2015-06-20', 1),
(105, 30, 'OHE002', 0, 8, '', '', 'TST', 'TST', '', 'OHE002_1.png', 1, 'Tow', '2015-06-20', 'Tow', '2015-06-20', 1),
(106, 31, 'ORE003', 0, 8, '', '', 'TST', 'TST', '', 'ORE003_1.png', 1, 'Tow', '2015-06-20', 'Tow', '2015-06-20', 1),
(107, 32, 'OHS004', 0, 8, '', '', 'TST', 'TST', '', 'OHS004_1.png', 1, 'Tow', '2015-06-20', 'Tow', '2015-06-20', 1),
(108, 33, 'OCE007', 0, 8, '', '', 'TST', 'TST', '', 'OCE007_1.png', 1, 'Tow', '2015-06-20', 'Tow', '2015-06-20', 1),
(109, 33, 'OCE007', 0, 56, '', '', 'TST', 'TST', '', 'OCE007_1.png', 1, 'Tow', '2015-06-20', 'Tow', '2015-06-20', 1),
(110, 33, 'OCE007', 0, 55, '', '', 'TST', 'TST', '', 'OCE007_1.png', 1, 'Tow', '2015-06-20', 'Tow', '2015-06-20', 1),
(111, 33, 'OCE007', 0, 57, '', '', 'TST', 'TST', '', 'OCE007_1.png', 1, 'Tow', '2015-06-20', 'Tow', '2015-06-20', 1),
(112, 33, 'OCE007', 0, 58, '', '', 'TST', 'TST', '', 'OCE007_1.png', 1, 'Tow', '2015-06-20', 'Tow', '2015-06-20', 1),
(113, 33, 'OCE007', 0, 10, '', '', 'TST', 'TST', '', 'OCE007_1.png', 1, 'Tow', '2015-06-20', 'Tow', '2015-06-20', 1),
(114, 34, 'OCE007', 0, 59, '', '', 'TRR', 'TRR', '', 'OCE007_1.png', 1, 'Tow', '2015-06-20', 'Tow', '2015-06-20', 1),
(115, 34, 'OCE007', 0, 20, '', '', 'TRR', 'TRR', '', 'OCE007_1.png', 1, 'Tow', '2015-06-20', 'Tow', '2015-06-20', 1),
(116, 34, 'OCE007', 0, 45, '', '', 'TRR', 'TRR', '', 'OCE007_1.png', 1, 'Tow', '2015-06-20', 'Tow', '2015-06-20', 1),
(117, 34, 'OCE007', 0, 15, '', '', 'TRR', 'TRR', '', 'OCE007_1.png', 1, 'Tow', '2015-06-20', 'Tow', '2015-06-20', 1),
(118, 35, 'OCE007_pin', 0, 60, '', '', 'TST', 'TST', '', 'OCE007_pin_1.png', 1, 'Tow', '2015-06-20', 'Tow', '2015-06-20', 1),
(119, 35, 'OCE007_pin', 0, 51, '', '', 'TST', 'TST', '', 'OCE007_pin_1.png', 1, 'Tow', '2015-06-20', 'Tow', '2015-06-20', 1),
(120, 36, 'OLE008', 0, 55, '', '', 'TST', 'TST', '', 'OLE008_1.png', 1, 'Tow', '2015-06-20', 'Tow', '2015-06-20', 1),
(121, 36, 'OLE008', 0, 56, '', '', 'TST', 'TST', '', 'OLE008_1.png', 1, 'Tow', '2015-06-20', 'Tow', '2015-06-20', 1),
(122, 36, 'OLE008', 0, 57, '', '', 'TST', 'TST', '', 'OLE008_1.png', 1, 'Tow', '2015-06-20', 'Tow', '2015-06-20', 1),
(123, 37, 'OCE015', 0, 8, '', '', 'TST', 'TST', '', 'OCE015_1.png', 1, 'Tow', '2015-06-20', 'Tow', '2015-06-20', 1),
(124, 38, 'OCE015', 0, 8, '', '', 'TLL', 'TLL', '', 'OCE015_1.png', 1, 'Tow', '2015-06-20', 'Tow', '2015-06-20', 1),
(125, 38, 'OCE015', 0, 61, '', '', 'TLL', 'TLL', '', 'OCE015_1.png', 1, 'Tow', '2015-06-20', 'Tow', '2015-06-20', 1),
(126, 38, 'OCE015', 0, 54, '', '', 'TLL', 'TLL', '', 'OCE015_1.png', 1, 'Tow', '2015-06-20', 'Tow', '2015-06-20', 1),
(127, 38, 'OCE015', 0, 62, '', '', 'TLL', 'TLL', '', 'OCE015_1.png', 1, 'Tow', '2015-06-20', 'Tow', '2015-06-20', 1),
(128, 39, 'OCZ015', 0, 8, '', '', 'TST', 'TST', '', 'OCZ015_1.png', 1, 'Tow', '2015-06-20', 'Tow', '2015-06-20', 1),
(129, 40, 'OBE016', 0, 8, '', '', 'TST', 'TST', '', 'OBE016_1.png', 1, 'Tow', '2015-06-20', 'Tow', '2015-06-20', 1),
(130, 41, 'OBE016', 0, 45, '', '', 'TRR', 'TRR', '', 'OBE016_1.png', 1, 'Tow', '2015-06-20', 'Tow', '2015-06-20', 1),
(131, 41, 'OBE016', 0, 20, '', '', 'TRR', 'TRR', '', 'OBE016_1.png', 1, 'Tow', '2015-06-20', 'Tow', '2015-06-20', 1),
(132, 42, 'OSE020', 0, 8, '', '', 'TST', 'TST', '', 'OSE020_1.png', 1, 'Tow', '2015-06-20', 'Tow', '2015-06-20', 1),
(133, 43, 'OSE020', 0, 45, '', '', 'TRR', 'TRR', '', 'OSE020_1.png', 1, 'Tow', '2015-06-20', 'Tow', '2015-06-20', 1),
(134, 44, 'OCE021', 0, 8, '', '', 'TST', 'TST', '', 'OCE021_1.png', 1, 'Tow', '2015-06-20', 'Tow', '2015-06-20', 1),
(135, 45, 'OSE022', 0, 63, '', '', 'TSK', 'TSK', '', 'OSE022_1.png', 1, 'Tow', '2015-06-20', 'Tow', '2015-06-20', 1),
(136, 46, 'OSE024', 0, 64, '', '', 'TST', 'TST', '', 'OSE024_1.png', 1, 'Tow', '2015-06-20', 'Tow', '2015-06-20', 1),
(137, 46, 'OSE024', 0, 65, '', '', 'TST', 'TST', '', 'OSE024_1.png', 1, 'Tow', '2015-06-20', 'Tow', '2015-06-20', 1),
(138, 47, 'OCE026', 0, 66, '', '', 'TRR', 'TRR', '', 'OCE026_1.png', 1, 'Tow', '2015-06-20', 'Tow', '2015-06-20', 1),
(139, 48, 'OSE029', 0, 67, '', '', 'TSK', 'TSK', '', 'OSE029_1.png', 1, 'Tow', '2015-06-20', 'Tow', '2015-06-20', 1),
(140, 48, 'OSE029', 0, 68, '', '', 'TSK', 'TSK', '', 'OSE029_1.png', 1, 'Tow', '2015-06-20', 'Tow', '2015-06-20', 1),
(141, 48, 'OSE029', 0, 69, '', '', 'TSK', 'TSK', '', 'OSE029_1.png', 1, 'Tow', '2015-06-20', 'Tow', '2015-06-20', 1),
(142, 49, 'OSE031', 0, 70, '', '', 'TST', 'TST', '', 'OSE031_1.png', 1, 'Tow', '2015-06-20', 'Tow', '2015-06-20', 1),
(143, 49, 'OSE031', 0, 71, '', '', 'TST', 'TST', '', 'OSE031_1.png', 1, 'Tow', '2015-06-20', 'Tow', '2015-06-20', 1),
(144, 50, 'NBE004', 0, 11, '', '', 'TSC', 'TSC', '', 'NBE004_1.png', 1, 'Tow', '2015-06-20', 'Tow', '2015-06-20', 1),
(145, 51, 'NBE006', 0, 12, '', '', 'TSL', 'TSL', '', 'NBE006_1.png', 1, 'Tow', '2015-06-20', 'Tow', '2015-06-20', 1),
(146, 51, 'NBE006', 0, 16, '', '', 'TSL', 'TSL', '', 'NBE006_1.png', 1, 'Tow', '2015-06-20', 'Tow', '2015-06-20', 1),
(147, 52, 'NB009', 0, 58, '', '', 'TST', 'TST', '', 'NB009_1.png', 1, 'Tow', '2015-06-20', 'Tow', '2015-06-20', 1),
(148, 52, 'NB009', 0, 59, '', '', 'TST', 'TST', '', 'NB009_1.png', 1, 'Tow', '2015-06-20', 'Tow', '2015-06-20', 1),
(149, 53, 'PHS001', 0, 14, '', '', 'TSS', 'TSS', '', 'PHS001_1.png', 1, 'Tow', '2015-06-20', 'Tow', '2015-06-20', 1),
(150, 53, 'PHS001', 0, 11, '', '', 'TSS', 'TSS', '', 'PHS001_1.png', 1, 'Tow', '2015-06-20', 'Tow', '2015-06-20', 1),
(151, 53, 'PHS001', 0, 72, '', '', 'TSS', 'TSS', '', 'PHS001_1.png', 1, 'Tow', '2015-06-20', 'Tow', '2015-06-20', 1),
(152, 54, 'PHS003', 0, 72, '', '', 'TSS', 'TSS', '', 'PHS003_1.png', 1, 'Tow', '2015-06-20', 'Tow', '2015-06-20', 1),
(153, 54, 'PHS003', 0, 73, '', '', 'TSS', 'TSS', '', 'PHS003_1.png', 1, 'Tow', '2015-06-20', 'Tow', '2015-06-20', 1),
(154, 54, 'PHS003', 0, 74, '', '', 'TSS', 'TSS', '', 'PHS003_1.png', 1, 'Tow', '2015-06-20', 'Tow', '2015-06-20', 1),
(155, 54, 'PHS003', 0, 11, '', '', 'TSS', 'TSS', '', 'PHS003_1.png', 1, 'Tow', '2015-06-20', 'Tow', '2015-06-20', 1),
(156, 54, 'PHS003', 0, 14, '', '', 'TSS', 'TSS', '', 'PHS003_1.png', 1, 'Tow', '2015-06-20', 'Tow', '2015-06-20', 1),
(157, 55, 'T001N', 0, 59, '', '', 'TSL', 'TSL', '', 'T001N_1.png', 1, 'Tow', '2015-06-20', 'Tow', '2015-06-20', 1),
(158, 55, 'T001N', 0, 7, '', '', 'TSL', 'TSL', '', 'T001N_1.png', 1, 'Tow', '2015-06-20', 'Tow', '2015-06-20', 1),
(159, 55, 'T001N', 0, 2, '', '', 'TSL', 'TSL', '', 'T001N_1.png', 1, 'Tow', '2015-06-20', 'Tow', '2015-06-20', 1),
(160, 55, 'T001N', 0, 11, '', '', 'TSL', 'TSL', '', 'T001N_1.png', 1, 'Tow', '2015-06-20', 'Tow', '2015-06-20', 1),
(161, 55, 'T001N', 0, 20, '', '', 'TSL', 'TSL', '', 'T001N_1.png', 1, 'Tow', '2015-06-20', 'Tow', '2015-06-20', 1),
(162, 55, 'T001N', 0, 19, '', '', 'TSL', 'TSL', '', 'T001N_1.png', 1, 'Tow', '2015-06-20', 'Tow', '2015-06-20', 1),
(163, 55, 'T001N', 0, 14, '', '', 'TSL', 'TSL', '', 'T001N_1.png', 1, 'Tow', '2015-06-20', 'Tow', '2015-06-20', 1),
(164, 55, 'T001N', 0, 15, '', '', 'TSL', 'TSL', '', 'T001N_1.png', 1, 'Tow', '2015-06-20', 'Tow', '2015-06-20', 1),
(165, 55, 'T001N', 0, 16, '', '', 'TSL', 'TSL', '', 'T001N_1.png', 1, 'Tow', '2015-06-20', 'Tow', '2015-06-20', 1),
(168, 56, '', 0, 59, '', '', 'ผ้าเนื้อผสมค็อตต้อน', 'ผ้าเนื้อผสมค็อตต้อน', '', 'notfound.png', 1, 'Tow', '2015-06-20', 'Tow', '2015-06-20', 1),
(169, 56, '', 0, 11, '', '', 'ผ้าเนื้อผสมค็อตต้อน', 'ผ้าเนื้อผสมค็อตต้อน', '', 'notfound.png', 1, 'Tow', '2015-06-20', 'Tow', '2015-06-20', 1),
(170, 56, '', 0, 12, '', '', 'ผ้าเนื้อผสมค็อตต้อน', 'ผ้าเนื้อผสมค็อตต้อน', '', 'notfound.png', 1, 'Tow', '2015-06-20', 'Tow', '2015-06-20', 1),
(171, 56, '', 0, 16, '', '', 'ผ้าเนื้อผสมค็อตต้อน', 'ผ้าเนื้อผสมค็อตต้อน', '', 'notfound.png', 1, 'Tow', '2015-06-20', 'Tow', '2015-06-20', 1),
(172, 56, '', 0, 7, '', '', 'ผ้าเนื้อผสมค็อตต้อน', 'ผ้าเนื้อผสมค็อตต้อน', '', 'notfound.png', 1, 'Tow', '2015-06-20', 'Tow', '2015-06-20', 1),
(173, 56, '', 0, 2, '', '', 'ผ้าเนื้อผสมค็อตต้อน', 'ผ้าเนื้อผสมค็อตต้อน', '', 'notfound.png', 1, 'Tow', '2015-06-20', 'Tow', '2015-06-20', 1),
(174, 57, '', 0, 29, '', '', 'ผ้าเนื้อผสมค็อตต้อน', 'ผ้าเนื้อผสมค็อตต้อน', '', 'notfound.png', 1, 'Tow', '2015-06-20', 'Tow', '2015-06-20', 1),
(175, 57, '', 0, 30, '', '', 'ผ้าเนื้อผสมค็อตต้อน', 'ผ้าเนื้อผสมค็อตต้อน', '', 'notfound.png', 1, 'Tow', '2015-06-20', 'Tow', '2015-06-20', 1),
(176, 57, '', 0, 32, '', '', 'ผ้าเนื้อผสมค็อตต้อน', 'ผ้าเนื้อผสมค็อตต้อน', '', 'notfound.png', 1, 'Tow', '2015-06-20', 'Tow', '2015-06-20', 1),
(177, 57, '', 0, 33, '', '', 'ผ้าเนื้อผสมค็อตต้อน', 'ผ้าเนื้อผสมค็อตต้อน', '', 'notfound.png', 1, 'Tow', '2015-06-20', 'Tow', '2015-06-20', 1),
(178, 57, '', 0, 34, '', '', 'ผ้าเนื้อผสมค็อตต้อน', 'ผ้าเนื้อผสมค็อตต้อน', '', 'notfound.png', 1, 'Tow', '2015-06-20', 'Tow', '2015-06-20', 1),
(179, 57, '', 0, 35, '', '', 'ผ้าเนื้อผสมค็อตต้อน', 'ผ้าเนื้อผสมค็อตต้อน', '', 'notfound.png', 1, 'Tow', '2015-06-20', 'Tow', '2015-06-20', 1),
(180, 57, '', 0, 75, '', '', 'ผ้าเนื้อผสมค็อตต้อน', 'ผ้าเนื้อผสมค็อตต้อน', '', 'notfound.png', 1, 'Tow', '2015-06-20', 'Tow', '2015-06-20', 1),
(181, 57, '', 0, 76, '', '', 'ผ้าเนื้อผสมค็อตต้อน', 'ผ้าเนื้อผสมค็อตต้อน', '', 'notfound.png', 1, 'Tow', '2015-06-20', 'Tow', '2015-06-20', 1),
(182, 58, 'hat_round', 0, 10, '', '', 'ผ้าเนื้อผสมค็อตต้อน', 'ผ้าเนื้อผสมค็อตต้อน', '', 'hat_round_1.png', 1, 'Tow', '2015-06-20', 'Tow', '2015-06-20', 1),
(183, 58, 'hat_round', 0, 12, '', '', 'ผ้าเนื้อผสมค็อตต้อน', 'ผ้าเนื้อผสมค็อตต้อน', '', 'hat_round_1.png', 1, 'Tow', '2015-06-20', 'Tow', '2015-06-20', 1),
(184, 59, 'mask', 0, 8, '', '', 'TRR', 'TRR', '', 'mask_1.png', 1, 'Tow', '2015-06-20', 'Tow', '2015-06-20', 1);

-- --------------------------------------------------------

--
-- Table structure for table `product_dtl_image`
--

CREATE TABLE IF NOT EXISTS `product_dtl_image` (
`PRODUCT_DTL_IMAGE_ID` int(11) NOT NULL,
  `PRODUCT_DTL_ID` int(11) NOT NULL,
  `NAME` varchar(100) COLLATE utf8_unicode_ci NOT NULL
) ENGINE=MyISAM AUTO_INCREMENT=623 DEFAULT CHARSET=utf8 COLLATE=utf8_unicode_ci;

--
-- Dumping data for table `product_dtl_image`
--

INSERT INTO `product_dtl_image` (`PRODUCT_DTL_IMAGE_ID`, `PRODUCT_DTL_ID`, `NAME`) VALUES
(84, 38, 'BH001_0.png'),
(85, 38, 'BH001_1.png'),
(86, 38, 'BH001_2.png'),
(87, 38, 'BH001_3.png'),
(88, 38, 'BH001_4.png'),
(89, 39, 'BHL004_0.png'),
(90, 39, 'BHL004_1.png'),
(91, 39, 'BHL004_2.png'),
(92, 40, 'BR007_0.png'),
(93, 40, 'BR007_1.png'),
(94, 40, 'BR007_2.png'),
(95, 40, 'BR007_3.png'),
(96, 40, 'BR007_4.png'),
(97, 40, 'BR007_5.png'),
(98, 40, 'BR007_6.png'),
(99, 41, 'BR007_0.png'),
(100, 41, 'BR007_1.png'),
(101, 41, 'BR007_2.png'),
(102, 41, 'BR007_3.png'),
(103, 41, 'BR007_4.png'),
(104, 41, 'BR007_5.png'),
(105, 41, 'BR007_6.png'),
(106, 42, 'BR007_0.png'),
(107, 42, 'BR007_1.png'),
(108, 42, 'BR007_2.png'),
(109, 42, 'BR007_3.png'),
(110, 42, 'BR007_4.png'),
(111, 42, 'BR007_5.png'),
(112, 42, 'BR007_6.png'),
(113, 43, 'BV013_0.png'),
(114, 43, 'BV013_1.png'),
(115, 43, 'BV013_2.png'),
(116, 43, 'BV013_3.png'),
(117, 44, 'BV013_0.png'),
(118, 44, 'BV013_1.png'),
(119, 44, 'BV013_2.png'),
(120, 44, 'BV013_3.png'),
(121, 45, 'BV013_0.png'),
(122, 45, 'BV013_1.png'),
(123, 45, 'BV013_2.png'),
(124, 45, 'BV013_3.png'),
(125, 46, 'BV013_0.png'),
(126, 46, 'BV013_1.png'),
(127, 46, 'BV013_2.png'),
(128, 46, 'BV013_3.png'),
(129, 47, 'BV013_0.png'),
(130, 47, 'BV013_1.png'),
(131, 47, 'BV013_2.png'),
(132, 47, 'BV013_3.png'),
(133, 48, 'BV013_0.png'),
(134, 48, 'BV013_1.png'),
(135, 48, 'BV013_2.png'),
(136, 48, 'BV013_3.png'),
(137, 49, 'BV013_0.png'),
(138, 49, 'BV013_1.png'),
(139, 49, 'BV013_2.png'),
(140, 49, 'BV013_3.png'),
(141, 50, 'BV013_0.png'),
(142, 50, 'BV013_1.png'),
(143, 50, 'BV013_2.png'),
(144, 50, 'BV013_3.png'),
(145, 51, 'BV013_0.png'),
(146, 51, 'BV013_1.png'),
(147, 51, 'BV013_2.png'),
(148, 51, 'BV013_3.png'),
(149, 52, 'BV013_0.png'),
(150, 52, 'BV013_1.png'),
(151, 52, 'BV013_2.png'),
(152, 52, 'BV013_3.png'),
(153, 53, 'BV013_0.png'),
(154, 53, 'BV013_1.png'),
(155, 53, 'BV013_2.png'),
(156, 53, 'BV013_3.png'),
(157, 54, 'BV013_0.png'),
(158, 54, 'BV013_1.png'),
(159, 54, 'BV013_2.png'),
(160, 54, 'BV013_3.png'),
(161, 55, 'BV013_0.png'),
(162, 55, 'BV013_1.png'),
(163, 55, 'BV013_2.png'),
(164, 55, 'BV013_3.png'),
(165, 56, 'BV013_0.png'),
(166, 56, 'BV013_1.png'),
(167, 56, 'BV013_2.png'),
(168, 56, 'BV013_3.png'),
(169, 57, 'BHK014_0.png'),
(170, 57, 'BHK014_1.png'),
(171, 57, 'BHK014_2.png'),
(172, 57, 'BHK014_3.png'),
(173, 57, 'BHK014_4.png'),
(174, 58, 'BHK014_0.png'),
(175, 58, 'BHK014_1.png'),
(176, 58, 'BHK014_2.png'),
(177, 58, 'BHK014_3.png'),
(178, 58, 'BHK014_4.png'),
(179, 59, 'BHK014_0.png'),
(180, 59, 'BHK014_1.png'),
(181, 59, 'BHK014_2.png'),
(182, 59, 'BHK014_3.png'),
(183, 59, 'BHK014_4.png'),
(184, 82, 'BHK014_0.png'),
(185, 82, 'BHK014_1.png'),
(186, 82, 'BHK014_2.png'),
(187, 82, 'BHK014_3.png'),
(188, 82, 'BHK014_4.png'),
(189, 83, 'BHK014_0.png'),
(190, 83, 'BHK014_1.png'),
(191, 83, 'BHK014_2.png'),
(192, 83, 'BHK014_3.png'),
(193, 83, 'BHK014_4.png'),
(194, 84, 'BHK014_0.png'),
(195, 84, 'BHK014_1.png'),
(196, 84, 'BHK014_2.png'),
(197, 84, 'BHK014_3.png'),
(198, 84, 'BHK014_4.png'),
(199, 60, 'BCLZ018_0.png'),
(200, 60, 'BCLZ018_1.png'),
(201, 60, 'BCLZ018_2.png'),
(202, 60, 'BCLZ018_3.png'),
(203, 61, 'BH019_0.png'),
(204, 61, 'BH019_1.png'),
(205, 61, 'BH019_2.png'),
(206, 61, 'BH019_3.png'),
(207, 61, 'BH019_4.png'),
(208, 62, 'BCZ031_0.png'),
(209, 62, 'BCZ031_1.png'),
(210, 62, 'BCZ031_2.png'),
(211, 62, 'BCZ031_3.png'),
(212, 63, 'BCZ031_0.png'),
(213, 63, 'BCZ031_1.png'),
(214, 63, 'BCZ031_2.png'),
(215, 63, 'BCZ031_3.png'),
(216, 64, 'BCZ031_0.png'),
(217, 64, 'BCZ031_1.png'),
(218, 64, 'BCZ031_2.png'),
(219, 64, 'BCZ031_3.png'),
(220, 65, 'BWK035_0.png'),
(221, 65, 'BWK035_1.png'),
(222, 65, 'BWK035_2.png'),
(223, 66, 'BWK035_0.png'),
(224, 66, 'BWK035_1.png'),
(225, 66, 'BWK035_2.png'),
(226, 85, 'BVK057_0.png'),
(227, 85, 'BVK057_1.png'),
(228, 85, 'BVK057_2.png'),
(229, 86, 'BVK057_0.png'),
(230, 86, 'BVK057_1.png'),
(231, 86, 'BVK057_2.png'),
(232, 87, 'BVK057_0.png'),
(233, 87, 'BVK057_1.png'),
(234, 87, 'BVK057_2.png'),
(235, 88, 'BVK057_0.png'),
(236, 88, 'BVK057_1.png'),
(237, 88, 'BVK057_2.png'),
(238, 89, 'BVK064_0.png'),
(239, 89, 'BVK064_1.png'),
(240, 89, 'BVK064_2.png'),
(241, 89, 'BVK064_3.png'),
(242, 90, 'BVK064_0.png'),
(243, 90, 'BVK064_1.png'),
(244, 90, 'BVK064_2.png'),
(245, 90, 'BVK064_3.png'),
(246, 92, 'BVK085N_0.png'),
(247, 92, 'BVK085N_1.png'),
(248, 92, 'BVK085N_2.png'),
(249, 92, 'BVK085N_3.png'),
(250, 93, 'BVK085N_0.png'),
(251, 93, 'BVK085N_1.png'),
(252, 93, 'BVK085N_2.png'),
(253, 93, 'BVK085N_3.png'),
(254, 94, 'BVK085N_0.png'),
(255, 94, 'BVK085N_1.png'),
(256, 94, 'BVK085N_2.png'),
(257, 94, 'BVK085N_3.png'),
(258, 95, 'BC086_0.png'),
(259, 95, 'BC086_1.png'),
(260, 95, 'BC086_2.png'),
(261, 95, 'BC086_3.png'),
(262, 96, 'BC086_0.png'),
(263, 96, 'BC086_1.png'),
(264, 96, 'BC086_2.png'),
(265, 96, 'BC086_3.png'),
(266, 97, 'BC086_0.png'),
(267, 97, 'BC086_1.png'),
(268, 97, 'BC086_2.png'),
(269, 97, 'BC086_3.png'),
(270, 98, 'BVK088_0.png'),
(271, 98, 'BVK088_1.png'),
(272, 98, 'BVK088_2.png'),
(273, 98, 'BVK088_3.png'),
(274, 99, 'BVK088_0.png'),
(275, 99, 'BVK088_1.png'),
(276, 99, 'BVK088_2.png'),
(277, 99, 'BVK088_3.png'),
(278, 100, 'BVK088_0.png'),
(279, 100, 'BVK088_1.png'),
(280, 100, 'BVK088_2.png'),
(281, 100, 'BVK088_3.png'),
(282, 101, 'BR091_0.png'),
(283, 101, 'BR091_1.png'),
(284, 101, 'BR091_2.png'),
(285, 101, 'BR091_3.png'),
(286, 102, 'BR091_0.png'),
(287, 102, 'BR091_1.png'),
(288, 102, 'BR091_2.png'),
(289, 102, 'BR091_3.png'),
(290, 103, 'BR091_0.png'),
(291, 103, 'BR091_1.png'),
(292, 103, 'BR091_2.png'),
(293, 103, 'BR091_3.png'),
(294, 104, 'OH001_0.png'),
(295, 104, 'OH001_1.png'),
(296, 104, 'OH001_2.png'),
(297, 104, 'OH001_3.png'),
(298, 104, 'OH001_4.png'),
(299, 105, 'OHE002_0.png'),
(300, 105, 'OHE002_1.png'),
(301, 105, 'OHE002_2.png'),
(302, 107, 'OHS004_0.png'),
(303, 107, 'OHS004_1.png'),
(304, 107, 'OHS004_2.png'),
(305, 107, 'OHS004_3.png'),
(306, 108, 'OCE007_0.png'),
(307, 108, 'OCE007_1.png'),
(308, 108, 'OCE007_2.png'),
(309, 108, 'OCE007_3.png'),
(310, 108, 'OCE007_4.png'),
(311, 108, 'OCE007_5.png'),
(312, 109, 'OCE007_0.png'),
(313, 109, 'OCE007_1.png'),
(314, 109, 'OCE007_2.png'),
(315, 109, 'OCE007_3.png'),
(316, 109, 'OCE007_4.png'),
(317, 109, 'OCE007_5.png'),
(318, 110, 'OCE007_0.png'),
(319, 110, 'OCE007_1.png'),
(320, 110, 'OCE007_2.png'),
(321, 110, 'OCE007_3.png'),
(322, 110, 'OCE007_4.png'),
(323, 110, 'OCE007_5.png'),
(324, 111, 'OCE007_0.png'),
(325, 111, 'OCE007_1.png'),
(326, 111, 'OCE007_2.png'),
(327, 111, 'OCE007_3.png'),
(328, 111, 'OCE007_4.png'),
(329, 111, 'OCE007_5.png'),
(330, 112, 'OCE007_0.png'),
(331, 112, 'OCE007_1.png'),
(332, 112, 'OCE007_2.png'),
(333, 112, 'OCE007_3.png'),
(334, 112, 'OCE007_4.png'),
(335, 112, 'OCE007_5.png'),
(336, 113, 'OCE007_0.png'),
(337, 113, 'OCE007_1.png'),
(338, 113, 'OCE007_2.png'),
(339, 113, 'OCE007_3.png'),
(340, 113, 'OCE007_4.png'),
(341, 113, 'OCE007_5.png'),
(342, 114, 'OCE007_0.png'),
(343, 114, 'OCE007_1.png'),
(344, 114, 'OCE007_2.png'),
(345, 114, 'OCE007_3.png'),
(346, 114, 'OCE007_4.png'),
(347, 114, 'OCE007_5.png'),
(348, 115, 'OCE007_0.png'),
(349, 115, 'OCE007_1.png'),
(350, 115, 'OCE007_2.png'),
(351, 115, 'OCE007_3.png'),
(352, 115, 'OCE007_4.png'),
(353, 115, 'OCE007_5.png'),
(354, 116, 'OCE007_0.png'),
(355, 116, 'OCE007_1.png'),
(356, 116, 'OCE007_2.png'),
(357, 116, 'OCE007_3.png'),
(358, 116, 'OCE007_4.png'),
(359, 116, 'OCE007_5.png'),
(360, 117, 'OCE007_0.png'),
(361, 117, 'OCE007_1.png'),
(362, 117, 'OCE007_2.png'),
(363, 117, 'OCE007_3.png'),
(364, 117, 'OCE007_4.png'),
(365, 117, 'OCE007_5.png'),
(366, 108, 'OCE007_0.png'),
(367, 108, 'OCE007_1.png'),
(368, 108, 'OCE007_2.png'),
(369, 108, 'OCE007_3.png'),
(370, 108, 'OCE007_4.png'),
(371, 108, 'OCE007_5.png'),
(372, 109, 'OCE007_0.png'),
(373, 109, 'OCE007_1.png'),
(374, 109, 'OCE007_2.png'),
(375, 109, 'OCE007_3.png'),
(376, 109, 'OCE007_4.png'),
(377, 109, 'OCE007_5.png'),
(378, 110, 'OCE007_0.png'),
(379, 110, 'OCE007_1.png'),
(380, 110, 'OCE007_2.png'),
(381, 110, 'OCE007_3.png'),
(382, 110, 'OCE007_4.png'),
(383, 110, 'OCE007_5.png'),
(384, 111, 'OCE007_0.png'),
(385, 111, 'OCE007_1.png'),
(386, 111, 'OCE007_2.png'),
(387, 111, 'OCE007_3.png'),
(388, 111, 'OCE007_4.png'),
(389, 111, 'OCE007_5.png'),
(390, 112, 'OCE007_0.png'),
(391, 112, 'OCE007_1.png'),
(392, 112, 'OCE007_2.png'),
(393, 112, 'OCE007_3.png'),
(394, 112, 'OCE007_4.png'),
(395, 112, 'OCE007_5.png'),
(396, 113, 'OCE007_0.png'),
(397, 113, 'OCE007_1.png'),
(398, 113, 'OCE007_2.png'),
(399, 113, 'OCE007_3.png'),
(400, 113, 'OCE007_4.png'),
(401, 113, 'OCE007_5.png'),
(402, 114, 'OCE007_0.png'),
(403, 114, 'OCE007_1.png'),
(404, 114, 'OCE007_2.png'),
(405, 114, 'OCE007_3.png'),
(406, 114, 'OCE007_4.png'),
(407, 114, 'OCE007_5.png'),
(408, 115, 'OCE007_0.png'),
(409, 115, 'OCE007_1.png'),
(410, 115, 'OCE007_2.png'),
(411, 115, 'OCE007_3.png'),
(412, 115, 'OCE007_4.png'),
(413, 115, 'OCE007_5.png'),
(414, 116, 'OCE007_0.png'),
(415, 116, 'OCE007_1.png'),
(416, 116, 'OCE007_2.png'),
(417, 116, 'OCE007_3.png'),
(418, 116, 'OCE007_4.png'),
(419, 116, 'OCE007_5.png'),
(420, 117, 'OCE007_0.png'),
(421, 117, 'OCE007_1.png'),
(422, 117, 'OCE007_2.png'),
(423, 117, 'OCE007_3.png'),
(424, 117, 'OCE007_4.png'),
(425, 117, 'OCE007_5.png'),
(426, 118, 'OCE007_pin_0.png'),
(427, 118, 'OCE007_pin_1.png'),
(428, 118, 'OCE007_pin_2.png'),
(429, 119, 'OCE007_pin_0.png'),
(430, 119, 'OCE007_pin_1.png'),
(431, 119, 'OCE007_pin_2.png'),
(432, 120, 'OLE008_0.png'),
(433, 120, 'OLE008_1.png'),
(434, 120, 'OLE008_2.png'),
(435, 120, 'OLE008_3.png'),
(436, 120, 'OLE008_4.png'),
(437, 121, 'OLE008_0.png'),
(438, 121, 'OLE008_1.png'),
(439, 121, 'OLE008_2.png'),
(440, 121, 'OLE008_3.png'),
(441, 121, 'OLE008_4.png'),
(442, 122, 'OLE008_0.png'),
(443, 122, 'OLE008_1.png'),
(444, 122, 'OLE008_2.png'),
(445, 122, 'OLE008_3.png'),
(446, 122, 'OLE008_4.png'),
(447, 123, 'OCE015_0.png'),
(448, 123, 'OCE015_1.png'),
(449, 123, 'OCE015_2.png'),
(450, 123, 'OCE015_3.png'),
(451, 124, 'OCE015_0.png'),
(452, 124, 'OCE015_1.png'),
(453, 124, 'OCE015_2.png'),
(454, 124, 'OCE015_3.png'),
(455, 125, 'OCE015_0.png'),
(456, 125, 'OCE015_1.png'),
(457, 125, 'OCE015_2.png'),
(458, 125, 'OCE015_3.png'),
(459, 126, 'OCE015_0.png'),
(460, 126, 'OCE015_1.png'),
(461, 126, 'OCE015_2.png'),
(462, 126, 'OCE015_3.png'),
(463, 127, 'OCE015_0.png'),
(464, 127, 'OCE015_1.png'),
(465, 127, 'OCE015_2.png'),
(466, 127, 'OCE015_3.png'),
(467, 123, 'OCE015_0.png'),
(468, 123, 'OCE015_1.png'),
(469, 123, 'OCE015_2.png'),
(470, 123, 'OCE015_3.png'),
(471, 124, 'OCE015_0.png'),
(472, 124, 'OCE015_1.png'),
(473, 124, 'OCE015_2.png'),
(474, 124, 'OCE015_3.png'),
(475, 125, 'OCE015_0.png'),
(476, 125, 'OCE015_1.png'),
(477, 125, 'OCE015_2.png'),
(478, 125, 'OCE015_3.png'),
(479, 126, 'OCE015_0.png'),
(480, 126, 'OCE015_1.png'),
(481, 126, 'OCE015_2.png'),
(482, 126, 'OCE015_3.png'),
(483, 127, 'OCE015_0.png'),
(484, 127, 'OCE015_1.png'),
(485, 127, 'OCE015_2.png'),
(486, 127, 'OCE015_3.png'),
(487, 128, 'OCZ015_0.png'),
(488, 128, 'OCZ015_1.png'),
(489, 128, 'OCZ015_2.png'),
(490, 128, 'OCZ015_3.png'),
(491, 129, 'OBE016_0.png'),
(492, 129, 'OBE016_1.png'),
(493, 129, 'OBE016_2.png'),
(494, 129, 'OBE016_3.png'),
(495, 129, 'OBE016_4.png'),
(496, 129, 'OBE016_5.png'),
(497, 129, 'OBE016_6.png'),
(498, 129, 'OBE016_7.png'),
(499, 129, 'OBE016_8.png'),
(500, 130, 'OBE016_0.png'),
(501, 130, 'OBE016_1.png'),
(502, 130, 'OBE016_2.png'),
(503, 130, 'OBE016_3.png'),
(504, 130, 'OBE016_4.png'),
(505, 130, 'OBE016_5.png'),
(506, 130, 'OBE016_6.png'),
(507, 130, 'OBE016_7.png'),
(508, 130, 'OBE016_8.png'),
(509, 131, 'OBE016_0.png'),
(510, 131, 'OBE016_1.png'),
(511, 131, 'OBE016_2.png'),
(512, 131, 'OBE016_3.png'),
(513, 131, 'OBE016_4.png'),
(514, 131, 'OBE016_5.png'),
(515, 131, 'OBE016_6.png'),
(516, 131, 'OBE016_7.png'),
(517, 131, 'OBE016_8.png'),
(518, 132, 'OSE020_0.png'),
(519, 132, 'OSE020_1.png'),
(520, 132, 'OSE020_2.png'),
(521, 132, 'OSE020_3.png'),
(522, 132, 'OSE020_4.png'),
(523, 133, 'OSE020_0.png'),
(524, 133, 'OSE020_1.png'),
(525, 133, 'OSE020_2.png'),
(526, 133, 'OSE020_3.png'),
(527, 133, 'OSE020_4.png'),
(528, 134, 'OCE021_0.png'),
(529, 134, 'OCE021_1.png'),
(530, 134, 'OCE021_2.png'),
(531, 135, 'OSE022_0.png'),
(532, 135, 'OSE022_1.png'),
(533, 135, 'OSE022_2.png'),
(534, 135, 'OSE022_3.png'),
(535, 136, 'OSE024_0.png'),
(536, 136, 'OSE024_1.png'),
(537, 136, 'OSE024_2.png'),
(538, 137, 'OSE024_0.png'),
(539, 137, 'OSE024_1.png'),
(540, 137, 'OSE024_2.png'),
(541, 142, 'OSE031_0.png'),
(542, 142, 'OSE031_1.png'),
(543, 142, 'OSE031_2.png'),
(544, 143, 'OSE031_0.png'),
(545, 143, 'OSE031_1.png'),
(546, 143, 'OSE031_2.png'),
(547, 144, 'NBE004_0.png'),
(548, 144, 'NBE004_1.png'),
(549, 144, 'NBE004_2.png'),
(550, 145, 'NBE006_0.png'),
(551, 145, 'NBE006_1.png'),
(552, 145, 'NBE006_2.png'),
(553, 145, 'NBE006_3.png'),
(554, 145, 'NBE006_4.png'),
(555, 146, 'NBE006_0.png'),
(556, 146, 'NBE006_1.png'),
(557, 146, 'NBE006_2.png'),
(558, 146, 'NBE006_3.png'),
(559, 146, 'NBE006_4.png'),
(560, 147, 'NB009_0.png'),
(561, 147, 'NB009_1.png'),
(562, 147, 'NB009_2.png'),
(563, 148, 'NB009_0.png'),
(564, 148, 'NB009_1.png'),
(565, 148, 'NB009_2.png'),
(566, 149, 'PHS001_0.png'),
(567, 149, 'PHS001_1.png'),
(568, 149, 'PHS001_2.png'),
(569, 149, 'PHS001_3.png'),
(570, 149, 'PHS001_4.png'),
(571, 150, 'PHS001_0.png'),
(572, 150, 'PHS001_1.png'),
(573, 150, 'PHS001_2.png'),
(574, 150, 'PHS001_3.png'),
(575, 150, 'PHS001_4.png'),
(576, 151, 'PHS001_0.png'),
(577, 151, 'PHS001_1.png'),
(578, 151, 'PHS001_2.png'),
(579, 151, 'PHS001_3.png'),
(580, 151, 'PHS001_4.png'),
(581, 152, 'PHS003_0.png'),
(582, 152, 'PHS003_1.png'),
(583, 152, 'PHS003_2.png'),
(584, 153, 'PHS003_0.png'),
(585, 153, 'PHS003_1.png'),
(586, 153, 'PHS003_2.png'),
(587, 154, 'PHS003_0.png'),
(588, 154, 'PHS003_1.png'),
(589, 154, 'PHS003_2.png'),
(590, 155, 'PHS003_0.png'),
(591, 155, 'PHS003_1.png'),
(592, 155, 'PHS003_2.png'),
(593, 156, 'PHS003_0.png'),
(594, 156, 'PHS003_1.png'),
(595, 156, 'PHS003_2.png'),
(596, 157, 'T001N_0.png'),
(597, 157, 'T001N_1.png'),
(598, 157, 'T001N_2.png'),
(599, 158, 'T001N_0.png'),
(600, 158, 'T001N_1.png'),
(601, 158, 'T001N_2.png'),
(602, 159, 'T001N_0.png'),
(603, 159, 'T001N_1.png'),
(604, 159, 'T001N_2.png'),
(605, 160, 'T001N_0.png'),
(606, 160, 'T001N_1.png'),
(607, 160, 'T001N_2.png'),
(608, 161, 'T001N_0.png'),
(609, 161, 'T001N_1.png'),
(610, 161, 'T001N_2.png'),
(611, 162, 'T001N_0.png'),
(612, 162, 'T001N_1.png'),
(613, 162, 'T001N_2.png'),
(614, 163, 'T001N_0.png'),
(615, 163, 'T001N_1.png'),
(616, 163, 'T001N_2.png'),
(617, 164, 'T001N_0.png'),
(618, 164, 'T001N_1.png'),
(619, 164, 'T001N_2.png'),
(620, 165, 'T001N_0.png'),
(621, 165, 'T001N_1.png'),
(622, 165, 'T001N_2.png');

-- --------------------------------------------------------

--
-- Table structure for table `product_dtl_size`
--

CREATE TABLE IF NOT EXISTS `product_dtl_size` (
`PRODUCT_DTL_SZ_ID` int(11) NOT NULL,
  `PRODUCT_DTL_ID` int(11) NOT NULL,
  `SIZE_ID` int(11) NOT NULL,
  `CREATED_BY` varchar(100) COLLATE utf8_unicode_ci NOT NULL,
  `CREATED_DATE` datetime NOT NULL,
  `UPDATED_BY` varchar(100) COLLATE utf8_unicode_ci NOT NULL,
  `UPDATED_DATE` datetime NOT NULL
) ENGINE=MyISAM AUTO_INCREMENT=917 DEFAULT CHARSET=utf8 COLLATE=utf8_unicode_ci;

--
-- Dumping data for table `product_dtl_size`
--

INSERT INTO `product_dtl_size` (`PRODUCT_DTL_SZ_ID`, `PRODUCT_DTL_ID`, `SIZE_ID`, `CREATED_BY`, `CREATED_DATE`, `UPDATED_BY`, `UPDATED_DATE`) VALUES
(1, 1, 1, 'pai', '2015-05-17 00:00:00', 'pai', '2015-05-17 00:00:00'),
(2, 1, 3, 'pai', '2015-05-17 00:00:00', 'pai', '2015-05-17 00:00:00'),
(3, 1, 4, 'pai', '2015-05-17 00:00:00', 'pai', '2015-05-17 00:00:00'),
(4, 4, 1, 'pai', '2015-05-17 00:00:00', 'pai', '2015-05-17 00:00:00'),
(5, 4, 3, 'pai', '2015-05-17 00:00:00', 'pai', '2015-05-17 00:00:00'),
(6, 4, 4, 'pai', '2015-05-17 00:00:00', 'pai', '2015-05-17 00:00:00'),
(7, 28, 1, 'pai', '2015-05-17 00:00:00', 'pai', '2015-05-17 00:00:00'),
(8, 28, 3, 'pai', '2015-05-17 00:00:00', 'pai', '2015-05-17 00:00:00'),
(9, 28, 4, 'pai', '2015-05-17 00:00:00', 'pai', '2015-05-17 00:00:00'),
(10, 7, 1, 'pai', '2015-05-17 00:00:00', 'pai', '2015-05-17 00:00:00'),
(11, 7, 3, 'pai', '2015-05-17 00:00:00', 'pai', '2015-05-17 00:00:00'),
(12, 7, 4, 'pai', '2015-05-17 00:00:00', 'pai', '2015-05-17 00:00:00'),
(13, 22, 1, 'pai', '2015-05-17 00:00:00', 'pai', '2015-05-17 00:00:00'),
(14, 22, 3, 'pai', '2015-05-17 00:00:00', 'pai', '2015-05-17 00:00:00'),
(15, 22, 4, 'pai', '2015-05-17 00:00:00', 'pai', '2015-05-17 00:00:00'),
(16, 31, 1, 'pai', '2015-05-17 00:00:00', 'pai', '2015-05-17 00:00:00'),
(17, 31, 3, 'pai', '2015-05-17 00:00:00', 'pai', '2015-05-17 00:00:00'),
(18, 31, 4, 'pai', '2015-05-17 00:00:00', 'pai', '2015-05-17 00:00:00'),
(19, 37, 1, 'pai', '2015-05-17 00:00:00', 'pai', '2015-05-17 00:00:00'),
(20, 37, 3, 'pai', '2015-05-17 00:00:00', 'pai', '2015-05-17 00:00:00'),
(21, 37, 4, 'pai', '2015-05-17 00:00:00', 'pai', '2015-05-17 00:00:00'),
(22, 16, 1, 'pai', '2015-05-17 00:00:00', 'pai', '2015-05-17 00:00:00'),
(23, 16, 3, 'pai', '2015-05-17 00:00:00', 'pai', '2015-05-17 00:00:00'),
(24, 16, 4, 'pai', '2015-05-17 00:00:00', 'pai', '2015-05-17 00:00:00'),
(25, 13, 1, 'pai', '2015-05-17 00:00:00', 'pai', '2015-05-17 00:00:00'),
(26, 13, 3, 'pai', '2015-05-17 00:00:00', 'pai', '2015-05-17 00:00:00'),
(27, 13, 4, 'pai', '2015-05-17 00:00:00', 'pai', '2015-05-17 00:00:00'),
(28, 10, 1, 'pai', '2015-05-17 00:00:00', 'pai', '2015-05-17 00:00:00'),
(29, 10, 3, 'pai', '2015-05-17 00:00:00', 'pai', '2015-05-17 00:00:00'),
(30, 10, 4, 'pai', '2015-05-17 00:00:00', 'pai', '2015-05-17 00:00:00'),
(31, 7, 1, 'pai', '2015-05-17 00:00:00', 'pai', '2015-05-17 00:00:00'),
(32, 7, 3, 'pai', '2015-05-17 00:00:00', 'pai', '2015-05-17 00:00:00'),
(33, 7, 4, 'pai', '2015-05-17 00:00:00', 'pai', '2015-05-17 00:00:00'),
(34, 19, 1, 'pai', '2015-05-17 00:00:00', 'pai', '2015-05-17 00:00:00'),
(35, 19, 3, 'pai', '2015-05-17 00:00:00', 'pai', '2015-05-17 00:00:00'),
(36, 19, 4, 'pai', '2015-05-17 00:00:00', 'pai', '2015-05-17 00:00:00'),
(37, 25, 1, 'pai', '2015-05-17 00:00:00', 'pai', '2015-05-17 00:00:00'),
(38, 25, 3, 'pai', '2015-05-17 00:00:00', 'pai', '2015-05-17 00:00:00'),
(39, 25, 4, 'pai', '2015-05-17 00:00:00', 'pai', '2015-05-17 00:00:00'),
(40, 34, 1, 'pai', '2015-05-17 00:00:00', 'pai', '2015-05-17 00:00:00'),
(41, 34, 3, 'pai', '2015-05-17 00:00:00', 'pai', '2015-05-17 00:00:00'),
(42, 34, 4, 'pai', '2015-05-17 00:00:00', 'pai', '2015-05-17 00:00:00'),
(43, 38, 1, 'tow', '2015-05-24 00:00:00', 'tow', '2015-05-24 00:00:00'),
(44, 38, 3, 'tow', '2015-05-24 00:00:00', 'tow', '2015-05-24 00:00:00'),
(45, 38, 4, 'tow', '2015-05-24 00:00:00', 'tow', '2015-05-24 00:00:00'),
(46, 38, 5, 'tow', '2015-05-24 00:00:00', 'tow', '2015-05-24 00:00:00'),
(47, 38, 7, 'tow', '2015-05-24 00:00:00', 'tow', '2015-05-24 00:00:00'),
(48, 38, 8, 'tow', '2015-05-24 00:00:00', 'tow', '2015-05-24 00:00:00'),
(49, 39, 1, 'tow', '2015-05-24 00:00:00', 'tow', '2015-05-24 00:00:00'),
(50, 39, 3, 'tow', '2015-05-24 00:00:00', 'tow', '2015-05-24 00:00:00'),
(51, 39, 4, 'tow', '2015-05-24 00:00:00', 'tow', '2015-05-24 00:00:00'),
(52, 39, 5, 'tow', '2015-05-24 00:00:00', 'tow', '2015-05-24 00:00:00'),
(53, 39, 7, 'tow', '2015-05-24 00:00:00', 'tow', '2015-05-24 00:00:00'),
(54, 39, 8, 'tow', '2015-05-24 00:00:00', 'tow', '2015-05-24 00:00:00'),
(55, 40, 1, 'tow', '2015-05-24 00:00:00', 'tow', '2015-05-24 00:00:00'),
(56, 40, 3, 'tow', '2015-05-24 00:00:00', 'tow', '2015-05-24 00:00:00'),
(57, 40, 4, 'tow', '2015-05-24 00:00:00', 'tow', '2015-05-24 00:00:00'),
(58, 40, 5, 'tow', '2015-05-24 00:00:00', 'tow', '2015-05-24 00:00:00'),
(59, 40, 7, 'tow', '2015-05-24 00:00:00', 'tow', '2015-05-24 00:00:00'),
(60, 40, 8, 'tow', '2015-05-24 00:00:00', 'tow', '2015-05-24 00:00:00'),
(61, 41, 1, 'tow', '2015-05-24 00:00:00', 'tow', '2015-05-24 00:00:00'),
(62, 41, 3, 'tow', '2015-05-24 00:00:00', 'tow', '2015-05-24 00:00:00'),
(63, 41, 4, 'tow', '2015-05-24 00:00:00', 'tow', '2015-05-24 00:00:00'),
(64, 41, 5, 'tow', '2015-05-24 00:00:00', 'tow', '2015-05-24 00:00:00'),
(65, 41, 7, 'tow', '2015-05-24 00:00:00', 'tow', '2015-05-24 00:00:00'),
(66, 41, 8, 'tow', '2015-05-24 00:00:00', 'tow', '2015-05-24 00:00:00'),
(67, 42, 1, 'tow', '2015-05-24 00:00:00', 'tow', '2015-05-24 00:00:00'),
(68, 42, 3, 'tow', '2015-05-24 00:00:00', 'tow', '2015-05-24 00:00:00'),
(69, 42, 4, 'tow', '2015-05-24 00:00:00', 'tow', '2015-05-24 00:00:00'),
(70, 42, 5, 'tow', '2015-05-24 00:00:00', 'tow', '2015-05-24 00:00:00'),
(71, 42, 7, 'tow', '2015-05-24 00:00:00', 'tow', '2015-05-24 00:00:00'),
(72, 42, 8, 'tow', '2015-05-24 00:00:00', 'tow', '2015-05-24 00:00:00'),
(73, 43, 1, 'Tow', '2015-06-01 00:00:00', 'Tow', '2015-06-01 00:00:00'),
(74, 43, 3, 'Tow', '2015-06-01 00:00:00', 'Tow', '2015-06-01 00:00:00'),
(75, 43, 4, 'Tow', '2015-06-01 00:00:00', 'Tow', '2015-06-01 00:00:00'),
(76, 43, 5, 'Tow', '2015-06-01 00:00:00', 'Tow', '2015-06-01 00:00:00'),
(77, 43, 7, 'Tow', '2015-06-01 00:00:00', 'Tow', '2015-06-01 00:00:00'),
(78, 43, 8, 'Tow', '2015-06-01 00:00:00', 'Tow', '2015-06-01 00:00:00'),
(90, 44, 8, 'Tow', '2015-06-01 00:00:00', 'Tow', '2015-06-01 00:00:00'),
(89, 44, 7, 'Tow', '2015-06-01 00:00:00', 'Tow', '2015-06-01 00:00:00'),
(88, 44, 5, 'Tow', '2015-06-01 00:00:00', 'Tow', '2015-06-01 00:00:00'),
(87, 44, 4, 'Tow', '2015-06-01 00:00:00', 'Tow', '2015-06-01 00:00:00'),
(86, 44, 3, 'Tow', '2015-06-01 00:00:00', 'Tow', '2015-06-01 00:00:00'),
(85, 44, 1, 'Tow', '2015-06-01 00:00:00', 'Tow', '2015-06-01 00:00:00'),
(91, 45, 1, 'Tow', '2015-06-01 00:00:00', 'Tow', '2015-06-01 00:00:00'),
(92, 45, 3, 'Tow', '2015-06-01 00:00:00', 'Tow', '2015-06-01 00:00:00'),
(93, 45, 4, 'Tow', '2015-06-01 00:00:00', 'Tow', '2015-06-01 00:00:00'),
(94, 45, 5, 'Tow', '2015-06-01 00:00:00', 'Tow', '2015-06-01 00:00:00'),
(95, 45, 7, 'Tow', '2015-06-01 00:00:00', 'Tow', '2015-06-01 00:00:00'),
(96, 45, 8, 'Tow', '2015-06-01 00:00:00', 'Tow', '2015-06-01 00:00:00'),
(97, 46, 1, 'Tow', '2015-06-01 00:00:00', 'Tow', '2015-06-01 00:00:00'),
(98, 46, 3, 'Tow', '2015-06-01 00:00:00', 'Tow', '2015-06-01 00:00:00'),
(99, 46, 4, 'Tow', '2015-06-01 00:00:00', 'Tow', '2015-06-01 00:00:00'),
(100, 46, 5, 'Tow', '2015-06-01 00:00:00', 'Tow', '2015-06-01 00:00:00'),
(101, 46, 7, 'Tow', '2015-06-01 00:00:00', 'Tow', '2015-06-01 00:00:00'),
(102, 46, 8, 'Tow', '2015-06-01 00:00:00', 'Tow', '2015-06-01 00:00:00'),
(103, 47, 1, 'Tow', '2015-06-01 00:00:00', 'Tow', '2015-06-01 00:00:00'),
(104, 47, 3, 'Tow', '2015-06-01 00:00:00', 'Tow', '2015-06-01 00:00:00'),
(105, 47, 4, 'Tow', '2015-06-01 00:00:00', 'Tow', '2015-06-01 00:00:00'),
(106, 47, 5, 'Tow', '2015-06-01 00:00:00', 'Tow', '2015-06-01 00:00:00'),
(107, 47, 7, 'Tow', '2015-06-01 00:00:00', 'Tow', '2015-06-01 00:00:00'),
(108, 47, 8, 'Tow', '2015-06-01 00:00:00', 'Tow', '2015-06-01 00:00:00'),
(109, 48, 1, 'Tow', '2015-06-01 00:00:00', 'Tow', '2015-06-01 00:00:00'),
(110, 48, 3, 'Tow', '2015-06-01 00:00:00', 'Tow', '2015-06-01 00:00:00'),
(111, 48, 4, 'Tow', '2015-06-01 00:00:00', 'Tow', '2015-06-01 00:00:00'),
(112, 48, 5, 'Tow', '2015-06-01 00:00:00', 'Tow', '2015-06-01 00:00:00'),
(113, 48, 7, 'Tow', '2015-06-01 00:00:00', 'Tow', '2015-06-01 00:00:00'),
(114, 48, 8, 'Tow', '2015-06-01 00:00:00', 'Tow', '2015-06-01 00:00:00'),
(115, 49, 1, 'Tow', '2015-06-01 00:00:00', 'Tow', '2015-06-01 00:00:00'),
(116, 49, 3, 'Tow', '2015-06-01 00:00:00', 'Tow', '2015-06-01 00:00:00'),
(117, 49, 4, 'Tow', '2015-06-01 00:00:00', 'Tow', '2015-06-01 00:00:00'),
(118, 49, 5, 'Tow', '2015-06-01 00:00:00', 'Tow', '2015-06-01 00:00:00'),
(119, 49, 7, 'Tow', '2015-06-01 00:00:00', 'Tow', '2015-06-01 00:00:00'),
(120, 49, 8, 'Tow', '2015-06-01 00:00:00', 'Tow', '2015-06-01 00:00:00'),
(121, 50, 1, 'Tow', '2015-06-01 00:00:00', 'Tow', '2015-06-01 00:00:00'),
(122, 50, 3, 'Tow', '2015-06-01 00:00:00', 'Tow', '2015-06-01 00:00:00'),
(123, 50, 4, 'Tow', '2015-06-01 00:00:00', 'Tow', '2015-06-01 00:00:00'),
(124, 50, 5, 'Tow', '2015-06-01 00:00:00', 'Tow', '2015-06-01 00:00:00'),
(125, 50, 7, 'Tow', '2015-06-01 00:00:00', 'Tow', '2015-06-01 00:00:00'),
(126, 50, 8, 'Tow', '2015-06-01 00:00:00', 'Tow', '2015-06-01 00:00:00'),
(127, 51, 1, 'Tow', '2015-06-01 00:00:00', 'Tow', '2015-06-01 00:00:00'),
(128, 51, 3, 'Tow', '2015-06-01 00:00:00', 'Tow', '2015-06-01 00:00:00'),
(129, 51, 4, 'Tow', '2015-06-01 00:00:00', 'Tow', '2015-06-01 00:00:00'),
(130, 51, 5, 'Tow', '2015-06-01 00:00:00', 'Tow', '2015-06-01 00:00:00'),
(131, 51, 7, 'Tow', '2015-06-01 00:00:00', 'Tow', '2015-06-01 00:00:00'),
(132, 51, 8, 'Tow', '2015-06-01 00:00:00', 'Tow', '2015-06-01 00:00:00'),
(133, 52, 1, 'Tow', '2015-06-01 00:00:00', 'Tow', '2015-06-01 00:00:00'),
(134, 52, 3, 'Tow', '2015-06-01 00:00:00', 'Tow', '2015-06-01 00:00:00'),
(135, 52, 4, 'Tow', '2015-06-01 00:00:00', 'Tow', '2015-06-01 00:00:00'),
(136, 52, 5, 'Tow', '2015-06-01 00:00:00', 'Tow', '2015-06-01 00:00:00'),
(137, 52, 7, 'Tow', '2015-06-01 00:00:00', 'Tow', '2015-06-01 00:00:00'),
(138, 52, 8, 'Tow', '2015-06-01 00:00:00', 'Tow', '2015-06-01 00:00:00'),
(139, 53, 1, 'Tow', '2015-06-01 00:00:00', 'Tow', '2015-06-01 00:00:00'),
(140, 53, 3, 'Tow', '2015-06-01 00:00:00', 'Tow', '2015-06-01 00:00:00'),
(141, 53, 4, 'Tow', '2015-06-01 00:00:00', 'Tow', '2015-06-01 00:00:00'),
(142, 53, 5, 'Tow', '2015-06-01 00:00:00', 'Tow', '2015-06-01 00:00:00'),
(143, 53, 7, 'Tow', '2015-06-01 00:00:00', 'Tow', '2015-06-01 00:00:00'),
(144, 53, 8, 'Tow', '2015-06-01 00:00:00', 'Tow', '2015-06-01 00:00:00'),
(145, 54, 1, 'Tow', '2015-06-01 00:00:00', 'Tow', '2015-06-01 00:00:00'),
(146, 54, 3, 'Tow', '2015-06-01 00:00:00', 'Tow', '2015-06-01 00:00:00'),
(147, 54, 4, 'Tow', '2015-06-01 00:00:00', 'Tow', '2015-06-01 00:00:00'),
(148, 54, 5, 'Tow', '2015-06-01 00:00:00', 'Tow', '2015-06-01 00:00:00'),
(149, 54, 7, 'Tow', '2015-06-01 00:00:00', 'Tow', '2015-06-01 00:00:00'),
(150, 54, 8, 'Tow', '2015-06-01 00:00:00', 'Tow', '2015-06-01 00:00:00'),
(151, 55, 1, 'Tow', '2015-06-01 00:00:00', 'Tow', '2015-06-01 00:00:00'),
(152, 55, 3, 'Tow', '2015-06-01 00:00:00', 'Tow', '2015-06-01 00:00:00'),
(153, 55, 4, 'Tow', '2015-06-01 00:00:00', 'Tow', '2015-06-01 00:00:00'),
(154, 55, 5, 'Tow', '2015-06-01 00:00:00', 'Tow', '2015-06-01 00:00:00'),
(155, 55, 7, 'Tow', '2015-06-01 00:00:00', 'Tow', '2015-06-01 00:00:00'),
(156, 55, 8, 'Tow', '2015-06-01 00:00:00', 'Tow', '2015-06-01 00:00:00'),
(157, 56, 1, 'Tow', '2015-06-01 00:00:00', 'Tow', '2015-06-01 00:00:00'),
(158, 56, 3, 'Tow', '2015-06-01 00:00:00', 'Tow', '2015-06-01 00:00:00'),
(159, 56, 4, 'Tow', '2015-06-01 00:00:00', 'Tow', '2015-06-01 00:00:00'),
(160, 56, 5, 'Tow', '2015-06-01 00:00:00', 'Tow', '2015-06-01 00:00:00'),
(161, 56, 7, 'Tow', '2015-06-01 00:00:00', 'Tow', '2015-06-01 00:00:00'),
(162, 56, 8, 'Tow', '2015-06-01 00:00:00', 'Tow', '2015-06-01 00:00:00'),
(174, 57, 8, 'Tow', '2015-06-01 00:00:00', 'Tow', '2015-06-01 00:00:00'),
(173, 57, 7, 'Tow', '2015-06-01 00:00:00', 'Tow', '2015-06-01 00:00:00'),
(172, 57, 5, 'Tow', '2015-06-01 00:00:00', 'Tow', '2015-06-01 00:00:00'),
(171, 57, 4, 'Tow', '2015-06-01 00:00:00', 'Tow', '2015-06-01 00:00:00'),
(170, 57, 3, 'Tow', '2015-06-01 00:00:00', 'Tow', '2015-06-01 00:00:00'),
(169, 57, 1, 'Tow', '2015-06-01 00:00:00', 'Tow', '2015-06-01 00:00:00'),
(175, 58, 1, 'Tow', '2015-06-01 00:00:00', 'Tow', '2015-06-01 00:00:00'),
(176, 58, 3, 'Tow', '2015-06-01 00:00:00', 'Tow', '2015-06-01 00:00:00'),
(177, 58, 4, 'Tow', '2015-06-01 00:00:00', 'Tow', '2015-06-01 00:00:00'),
(178, 58, 5, 'Tow', '2015-06-01 00:00:00', 'Tow', '2015-06-01 00:00:00'),
(179, 58, 7, 'Tow', '2015-06-01 00:00:00', 'Tow', '2015-06-01 00:00:00'),
(180, 58, 8, 'Tow', '2015-06-01 00:00:00', 'Tow', '2015-06-01 00:00:00'),
(181, 59, 1, 'Tow', '2015-06-01 00:00:00', 'Tow', '2015-06-01 00:00:00'),
(182, 59, 3, 'Tow', '2015-06-01 00:00:00', 'Tow', '2015-06-01 00:00:00'),
(183, 59, 4, 'Tow', '2015-06-01 00:00:00', 'Tow', '2015-06-01 00:00:00'),
(184, 59, 5, 'Tow', '2015-06-01 00:00:00', 'Tow', '2015-06-01 00:00:00'),
(185, 59, 7, 'Tow', '2015-06-01 00:00:00', 'Tow', '2015-06-01 00:00:00'),
(186, 59, 8, 'Tow', '2015-06-01 00:00:00', 'Tow', '2015-06-01 00:00:00'),
(187, 60, 1, 'Tow', '2015-06-01 00:00:00', 'Tow', '2015-06-01 00:00:00'),
(188, 60, 3, 'Tow', '2015-06-01 00:00:00', 'Tow', '2015-06-01 00:00:00'),
(189, 60, 4, 'Tow', '2015-06-01 00:00:00', 'Tow', '2015-06-01 00:00:00'),
(190, 60, 5, 'Tow', '2015-06-01 00:00:00', 'Tow', '2015-06-01 00:00:00'),
(191, 61, 1, 'Tow', '2015-06-01 00:00:00', 'Tow', '2015-06-01 00:00:00'),
(192, 61, 2, 'Tow', '2015-06-01 00:00:00', 'Tow', '2015-06-01 00:00:00'),
(193, 61, 3, 'Tow', '2015-06-01 00:00:00', 'Tow', '2015-06-01 00:00:00'),
(194, 61, 4, 'Tow', '2015-06-01 00:00:00', 'Tow', '2015-06-01 00:00:00'),
(195, 61, 5, 'Tow', '2015-06-01 00:00:00', 'Tow', '2015-06-01 00:00:00'),
(196, 62, 1, 'Tow', '2015-06-01 00:00:00', 'Tow', '2015-06-01 00:00:00'),
(197, 62, 3, 'Tow', '2015-06-01 00:00:00', 'Tow', '2015-06-01 00:00:00'),
(198, 62, 4, 'Tow', '2015-06-01 00:00:00', 'Tow', '2015-06-01 00:00:00'),
(199, 62, 5, 'Tow', '2015-06-01 00:00:00', 'Tow', '2015-06-01 00:00:00'),
(200, 63, 1, 'Tow', '2015-06-01 00:00:00', 'Tow', '2015-06-01 00:00:00'),
(201, 63, 3, 'Tow', '2015-06-01 00:00:00', 'Tow', '2015-06-01 00:00:00'),
(202, 63, 4, 'Tow', '2015-06-01 00:00:00', 'Tow', '2015-06-01 00:00:00'),
(203, 63, 5, 'Tow', '2015-06-01 00:00:00', 'Tow', '2015-06-01 00:00:00'),
(204, 64, 1, 'Tow', '2015-06-01 00:00:00', 'Tow', '2015-06-01 00:00:00'),
(205, 64, 3, 'Tow', '2015-06-01 00:00:00', 'Tow', '2015-06-01 00:00:00'),
(206, 64, 4, 'Tow', '2015-06-01 00:00:00', 'Tow', '2015-06-01 00:00:00'),
(207, 64, 5, 'Tow', '2015-06-01 00:00:00', 'Tow', '2015-06-01 00:00:00'),
(208, 1, 2, 'Tow', '2015-06-20 00:00:00', 'Tow', '2015-06-20 00:00:00'),
(209, 8, 1, 'Tow', '2015-06-20 00:00:00', 'Tow', '2015-06-20 00:00:00'),
(210, 8, 3, 'Tow', '2015-06-20 00:00:00', 'Tow', '2015-06-20 00:00:00'),
(211, 8, 4, 'Tow', '2015-06-20 00:00:00', 'Tow', '2015-06-20 00:00:00'),
(212, 8, 5, 'Tow', '2015-06-20 00:00:00', 'Tow', '2015-06-20 00:00:00'),
(213, 8, 7, 'Tow', '2015-06-20 00:00:00', 'Tow', '2015-06-20 00:00:00'),
(214, 8, 8, 'Tow', '2015-06-20 00:00:00', 'Tow', '2015-06-20 00:00:00'),
(215, 999, 1, 'Tow', '2015-06-20 00:00:00', 'Tow', '2015-06-20 00:00:00'),
(216, 999, 3, 'Tow', '2015-06-20 00:00:00', 'Tow', '2015-06-20 00:00:00'),
(217, 999, 4, 'Tow', '2015-06-20 00:00:00', 'Tow', '2015-06-20 00:00:00'),
(218, 999, 5, 'Tow', '2015-06-20 00:00:00', 'Tow', '2015-06-20 00:00:00'),
(219, 999, 7, 'Tow', '2015-06-20 00:00:00', 'Tow', '2015-06-20 00:00:00'),
(220, 999, 8, 'Tow', '2015-06-20 00:00:00', 'Tow', '2015-06-20 00:00:00'),
(221, 999, 10, 'Tow', '2015-06-20 00:00:00', 'Tow', '2015-06-20 00:00:00'),
(222, 40, 1, 'Tow', '2015-06-20 00:00:00', 'Tow', '2015-06-20 00:00:00'),
(223, 40, 3, 'Tow', '2015-06-20 00:00:00', 'Tow', '2015-06-20 00:00:00'),
(224, 40, 4, 'Tow', '2015-06-20 00:00:00', 'Tow', '2015-06-20 00:00:00'),
(225, 40, 5, 'Tow', '2015-06-20 00:00:00', 'Tow', '2015-06-20 00:00:00'),
(226, 40, 7, 'Tow', '2015-06-20 00:00:00', 'Tow', '2015-06-20 00:00:00'),
(227, 40, 8, 'Tow', '2015-06-20 00:00:00', 'Tow', '2015-06-20 00:00:00'),
(228, 40, 10, 'Tow', '2015-06-20 00:00:00', 'Tow', '2015-06-20 00:00:00'),
(229, 41, 1, 'Tow', '2015-06-20 00:00:00', 'Tow', '2015-06-20 00:00:00'),
(230, 41, 3, 'Tow', '2015-06-20 00:00:00', 'Tow', '2015-06-20 00:00:00'),
(231, 41, 4, 'Tow', '2015-06-20 00:00:00', 'Tow', '2015-06-20 00:00:00'),
(232, 41, 5, 'Tow', '2015-06-20 00:00:00', 'Tow', '2015-06-20 00:00:00'),
(233, 41, 7, 'Tow', '2015-06-20 00:00:00', 'Tow', '2015-06-20 00:00:00'),
(234, 41, 8, 'Tow', '2015-06-20 00:00:00', 'Tow', '2015-06-20 00:00:00'),
(235, 41, 10, 'Tow', '2015-06-20 00:00:00', 'Tow', '2015-06-20 00:00:00'),
(236, 42, 1, 'Tow', '2015-06-20 00:00:00', 'Tow', '2015-06-20 00:00:00'),
(237, 42, 3, 'Tow', '2015-06-20 00:00:00', 'Tow', '2015-06-20 00:00:00'),
(238, 42, 4, 'Tow', '2015-06-20 00:00:00', 'Tow', '2015-06-20 00:00:00'),
(239, 42, 5, 'Tow', '2015-06-20 00:00:00', 'Tow', '2015-06-20 00:00:00'),
(240, 42, 7, 'Tow', '2015-06-20 00:00:00', 'Tow', '2015-06-20 00:00:00'),
(241, 42, 8, 'Tow', '2015-06-20 00:00:00', 'Tow', '2015-06-20 00:00:00'),
(242, 42, 10, 'Tow', '2015-06-20 00:00:00', 'Tow', '2015-06-20 00:00:00'),
(243, 1, 99, 'Tow', '2015-06-20 00:00:00', 'Tow', '2015-06-20 00:00:00'),
(244, 2, 99, 'Tow', '2015-06-20 00:00:00', 'Tow', '2015-06-20 00:00:00'),
(245, 3, 99, 'Tow', '2015-06-20 00:00:00', 'Tow', '2015-06-20 00:00:00'),
(246, 43, 1, 'Tow', '2015-06-20 00:00:00', 'Tow', '2015-06-20 00:00:00'),
(247, 43, 3, 'Tow', '2015-06-20 00:00:00', 'Tow', '2015-06-20 00:00:00'),
(248, 43, 4, 'Tow', '2015-06-20 00:00:00', 'Tow', '2015-06-20 00:00:00'),
(249, 43, 5, 'Tow', '2015-06-20 00:00:00', 'Tow', '2015-06-20 00:00:00'),
(250, 43, 7, 'Tow', '2015-06-20 00:00:00', 'Tow', '2015-06-20 00:00:00'),
(251, 43, 8, 'Tow', '2015-06-20 00:00:00', 'Tow', '2015-06-20 00:00:00'),
(252, 44, 1, 'Tow', '2015-06-20 00:00:00', 'Tow', '2015-06-20 00:00:00'),
(253, 44, 3, 'Tow', '2015-06-20 00:00:00', 'Tow', '2015-06-20 00:00:00'),
(254, 44, 4, 'Tow', '2015-06-20 00:00:00', 'Tow', '2015-06-20 00:00:00'),
(255, 44, 5, 'Tow', '2015-06-20 00:00:00', 'Tow', '2015-06-20 00:00:00'),
(256, 44, 7, 'Tow', '2015-06-20 00:00:00', 'Tow', '2015-06-20 00:00:00'),
(257, 44, 8, 'Tow', '2015-06-20 00:00:00', 'Tow', '2015-06-20 00:00:00'),
(258, 45, 1, 'Tow', '2015-06-20 00:00:00', 'Tow', '2015-06-20 00:00:00'),
(259, 45, 3, 'Tow', '2015-06-20 00:00:00', 'Tow', '2015-06-20 00:00:00'),
(260, 45, 4, 'Tow', '2015-06-20 00:00:00', 'Tow', '2015-06-20 00:00:00'),
(261, 45, 5, 'Tow', '2015-06-20 00:00:00', 'Tow', '2015-06-20 00:00:00'),
(262, 45, 7, 'Tow', '2015-06-20 00:00:00', 'Tow', '2015-06-20 00:00:00'),
(263, 45, 8, 'Tow', '2015-06-20 00:00:00', 'Tow', '2015-06-20 00:00:00'),
(264, 46, 1, 'Tow', '2015-06-20 00:00:00', 'Tow', '2015-06-20 00:00:00'),
(265, 46, 3, 'Tow', '2015-06-20 00:00:00', 'Tow', '2015-06-20 00:00:00'),
(266, 46, 4, 'Tow', '2015-06-20 00:00:00', 'Tow', '2015-06-20 00:00:00'),
(267, 46, 5, 'Tow', '2015-06-20 00:00:00', 'Tow', '2015-06-20 00:00:00'),
(268, 46, 7, 'Tow', '2015-06-20 00:00:00', 'Tow', '2015-06-20 00:00:00'),
(269, 46, 8, 'Tow', '2015-06-20 00:00:00', 'Tow', '2015-06-20 00:00:00'),
(270, 47, 1, 'Tow', '2015-06-20 00:00:00', 'Tow', '2015-06-20 00:00:00'),
(271, 47, 3, 'Tow', '2015-06-20 00:00:00', 'Tow', '2015-06-20 00:00:00'),
(272, 47, 4, 'Tow', '2015-06-20 00:00:00', 'Tow', '2015-06-20 00:00:00'),
(273, 47, 5, 'Tow', '2015-06-20 00:00:00', 'Tow', '2015-06-20 00:00:00'),
(274, 47, 7, 'Tow', '2015-06-20 00:00:00', 'Tow', '2015-06-20 00:00:00'),
(275, 47, 8, 'Tow', '2015-06-20 00:00:00', 'Tow', '2015-06-20 00:00:00'),
(276, 48, 1, 'Tow', '2015-06-20 00:00:00', 'Tow', '2015-06-20 00:00:00'),
(277, 48, 3, 'Tow', '2015-06-20 00:00:00', 'Tow', '2015-06-20 00:00:00'),
(278, 48, 4, 'Tow', '2015-06-20 00:00:00', 'Tow', '2015-06-20 00:00:00'),
(279, 48, 5, 'Tow', '2015-06-20 00:00:00', 'Tow', '2015-06-20 00:00:00'),
(280, 48, 7, 'Tow', '2015-06-20 00:00:00', 'Tow', '2015-06-20 00:00:00'),
(281, 48, 8, 'Tow', '2015-06-20 00:00:00', 'Tow', '2015-06-20 00:00:00'),
(282, 49, 1, 'Tow', '2015-06-20 00:00:00', 'Tow', '2015-06-20 00:00:00'),
(283, 49, 3, 'Tow', '2015-06-20 00:00:00', 'Tow', '2015-06-20 00:00:00'),
(284, 49, 4, 'Tow', '2015-06-20 00:00:00', 'Tow', '2015-06-20 00:00:00'),
(285, 49, 5, 'Tow', '2015-06-20 00:00:00', 'Tow', '2015-06-20 00:00:00'),
(286, 49, 7, 'Tow', '2015-06-20 00:00:00', 'Tow', '2015-06-20 00:00:00'),
(287, 49, 8, 'Tow', '2015-06-20 00:00:00', 'Tow', '2015-06-20 00:00:00'),
(288, 50, 1, 'Tow', '2015-06-20 00:00:00', 'Tow', '2015-06-20 00:00:00'),
(289, 50, 3, 'Tow', '2015-06-20 00:00:00', 'Tow', '2015-06-20 00:00:00'),
(290, 50, 4, 'Tow', '2015-06-20 00:00:00', 'Tow', '2015-06-20 00:00:00'),
(291, 50, 5, 'Tow', '2015-06-20 00:00:00', 'Tow', '2015-06-20 00:00:00'),
(292, 50, 7, 'Tow', '2015-06-20 00:00:00', 'Tow', '2015-06-20 00:00:00'),
(293, 50, 8, 'Tow', '2015-06-20 00:00:00', 'Tow', '2015-06-20 00:00:00'),
(294, 51, 1, 'Tow', '2015-06-20 00:00:00', 'Tow', '2015-06-20 00:00:00'),
(295, 51, 3, 'Tow', '2015-06-20 00:00:00', 'Tow', '2015-06-20 00:00:00'),
(296, 51, 4, 'Tow', '2015-06-20 00:00:00', 'Tow', '2015-06-20 00:00:00'),
(297, 51, 5, 'Tow', '2015-06-20 00:00:00', 'Tow', '2015-06-20 00:00:00'),
(298, 51, 7, 'Tow', '2015-06-20 00:00:00', 'Tow', '2015-06-20 00:00:00'),
(299, 51, 8, 'Tow', '2015-06-20 00:00:00', 'Tow', '2015-06-20 00:00:00'),
(300, 52, 1, 'Tow', '2015-06-20 00:00:00', 'Tow', '2015-06-20 00:00:00'),
(301, 52, 3, 'Tow', '2015-06-20 00:00:00', 'Tow', '2015-06-20 00:00:00'),
(302, 52, 4, 'Tow', '2015-06-20 00:00:00', 'Tow', '2015-06-20 00:00:00'),
(303, 52, 5, 'Tow', '2015-06-20 00:00:00', 'Tow', '2015-06-20 00:00:00'),
(304, 52, 7, 'Tow', '2015-06-20 00:00:00', 'Tow', '2015-06-20 00:00:00'),
(305, 52, 8, 'Tow', '2015-06-20 00:00:00', 'Tow', '2015-06-20 00:00:00'),
(306, 53, 1, 'Tow', '2015-06-20 00:00:00', 'Tow', '2015-06-20 00:00:00'),
(307, 53, 3, 'Tow', '2015-06-20 00:00:00', 'Tow', '2015-06-20 00:00:00'),
(308, 53, 4, 'Tow', '2015-06-20 00:00:00', 'Tow', '2015-06-20 00:00:00'),
(309, 53, 5, 'Tow', '2015-06-20 00:00:00', 'Tow', '2015-06-20 00:00:00'),
(310, 53, 7, 'Tow', '2015-06-20 00:00:00', 'Tow', '2015-06-20 00:00:00'),
(311, 53, 8, 'Tow', '2015-06-20 00:00:00', 'Tow', '2015-06-20 00:00:00'),
(312, 54, 1, 'Tow', '2015-06-20 00:00:00', 'Tow', '2015-06-20 00:00:00'),
(313, 54, 3, 'Tow', '2015-06-20 00:00:00', 'Tow', '2015-06-20 00:00:00'),
(314, 54, 4, 'Tow', '2015-06-20 00:00:00', 'Tow', '2015-06-20 00:00:00'),
(315, 54, 5, 'Tow', '2015-06-20 00:00:00', 'Tow', '2015-06-20 00:00:00'),
(316, 54, 7, 'Tow', '2015-06-20 00:00:00', 'Tow', '2015-06-20 00:00:00'),
(317, 54, 8, 'Tow', '2015-06-20 00:00:00', 'Tow', '2015-06-20 00:00:00'),
(318, 55, 1, 'Tow', '2015-06-20 00:00:00', 'Tow', '2015-06-20 00:00:00'),
(319, 55, 3, 'Tow', '2015-06-20 00:00:00', 'Tow', '2015-06-20 00:00:00'),
(320, 55, 4, 'Tow', '2015-06-20 00:00:00', 'Tow', '2015-06-20 00:00:00'),
(321, 55, 5, 'Tow', '2015-06-20 00:00:00', 'Tow', '2015-06-20 00:00:00'),
(322, 55, 7, 'Tow', '2015-06-20 00:00:00', 'Tow', '2015-06-20 00:00:00'),
(323, 55, 8, 'Tow', '2015-06-20 00:00:00', 'Tow', '2015-06-20 00:00:00'),
(324, 56, 1, 'Tow', '2015-06-20 00:00:00', 'Tow', '2015-06-20 00:00:00'),
(325, 56, 3, 'Tow', '2015-06-20 00:00:00', 'Tow', '2015-06-20 00:00:00'),
(326, 56, 4, 'Tow', '2015-06-20 00:00:00', 'Tow', '2015-06-20 00:00:00'),
(327, 56, 5, 'Tow', '2015-06-20 00:00:00', 'Tow', '2015-06-20 00:00:00'),
(328, 56, 7, 'Tow', '2015-06-20 00:00:00', 'Tow', '2015-06-20 00:00:00'),
(329, 56, 8, 'Tow', '2015-06-20 00:00:00', 'Tow', '2015-06-20 00:00:00'),
(330, 72, 1, 'Tow', '2015-06-20 00:00:00', 'Tow', '2015-06-20 00:00:00'),
(331, 72, 3, 'Tow', '2015-06-20 00:00:00', 'Tow', '2015-06-20 00:00:00'),
(332, 72, 4, 'Tow', '2015-06-20 00:00:00', 'Tow', '2015-06-20 00:00:00'),
(333, 72, 5, 'Tow', '2015-06-20 00:00:00', 'Tow', '2015-06-20 00:00:00'),
(334, 72, 7, 'Tow', '2015-06-20 00:00:00', 'Tow', '2015-06-20 00:00:00'),
(335, 72, 8, 'Tow', '2015-06-20 00:00:00', 'Tow', '2015-06-20 00:00:00'),
(336, 73, 1, 'Tow', '2015-06-20 00:00:00', 'Tow', '2015-06-20 00:00:00'),
(337, 73, 3, 'Tow', '2015-06-20 00:00:00', 'Tow', '2015-06-20 00:00:00'),
(338, 73, 4, 'Tow', '2015-06-20 00:00:00', 'Tow', '2015-06-20 00:00:00'),
(339, 73, 5, 'Tow', '2015-06-20 00:00:00', 'Tow', '2015-06-20 00:00:00'),
(340, 73, 7, 'Tow', '2015-06-20 00:00:00', 'Tow', '2015-06-20 00:00:00'),
(341, 73, 8, 'Tow', '2015-06-20 00:00:00', 'Tow', '2015-06-20 00:00:00'),
(342, 74, 1, 'Tow', '2015-06-20 00:00:00', 'Tow', '2015-06-20 00:00:00'),
(343, 74, 3, 'Tow', '2015-06-20 00:00:00', 'Tow', '2015-06-20 00:00:00'),
(344, 74, 4, 'Tow', '2015-06-20 00:00:00', 'Tow', '2015-06-20 00:00:00'),
(345, 74, 5, 'Tow', '2015-06-20 00:00:00', 'Tow', '2015-06-20 00:00:00'),
(346, 74, 7, 'Tow', '2015-06-20 00:00:00', 'Tow', '2015-06-20 00:00:00'),
(347, 74, 8, 'Tow', '2015-06-20 00:00:00', 'Tow', '2015-06-20 00:00:00'),
(348, 75, 1, 'Tow', '2015-06-20 00:00:00', 'Tow', '2015-06-20 00:00:00'),
(349, 75, 3, 'Tow', '2015-06-20 00:00:00', 'Tow', '2015-06-20 00:00:00'),
(350, 75, 4, 'Tow', '2015-06-20 00:00:00', 'Tow', '2015-06-20 00:00:00'),
(351, 75, 5, 'Tow', '2015-06-20 00:00:00', 'Tow', '2015-06-20 00:00:00'),
(352, 75, 7, 'Tow', '2015-06-20 00:00:00', 'Tow', '2015-06-20 00:00:00'),
(353, 75, 8, 'Tow', '2015-06-20 00:00:00', 'Tow', '2015-06-20 00:00:00'),
(354, 76, 1, 'Tow', '2015-06-20 00:00:00', 'Tow', '2015-06-20 00:00:00'),
(355, 76, 3, 'Tow', '2015-06-20 00:00:00', 'Tow', '2015-06-20 00:00:00'),
(356, 76, 4, 'Tow', '2015-06-20 00:00:00', 'Tow', '2015-06-20 00:00:00'),
(357, 76, 5, 'Tow', '2015-06-20 00:00:00', 'Tow', '2015-06-20 00:00:00'),
(358, 76, 7, 'Tow', '2015-06-20 00:00:00', 'Tow', '2015-06-20 00:00:00'),
(359, 76, 8, 'Tow', '2015-06-20 00:00:00', 'Tow', '2015-06-20 00:00:00'),
(360, 77, 1, 'Tow', '2015-06-20 00:00:00', 'Tow', '2015-06-20 00:00:00'),
(361, 77, 3, 'Tow', '2015-06-20 00:00:00', 'Tow', '2015-06-20 00:00:00'),
(362, 77, 4, 'Tow', '2015-06-20 00:00:00', 'Tow', '2015-06-20 00:00:00'),
(363, 77, 5, 'Tow', '2015-06-20 00:00:00', 'Tow', '2015-06-20 00:00:00'),
(364, 77, 7, 'Tow', '2015-06-20 00:00:00', 'Tow', '2015-06-20 00:00:00'),
(365, 77, 8, 'Tow', '2015-06-20 00:00:00', 'Tow', '2015-06-20 00:00:00'),
(366, 78, 1, 'Tow', '2015-06-20 00:00:00', 'Tow', '2015-06-20 00:00:00'),
(367, 78, 3, 'Tow', '2015-06-20 00:00:00', 'Tow', '2015-06-20 00:00:00'),
(368, 78, 4, 'Tow', '2015-06-20 00:00:00', 'Tow', '2015-06-20 00:00:00'),
(369, 78, 5, 'Tow', '2015-06-20 00:00:00', 'Tow', '2015-06-20 00:00:00'),
(370, 78, 7, 'Tow', '2015-06-20 00:00:00', 'Tow', '2015-06-20 00:00:00'),
(371, 78, 8, 'Tow', '2015-06-20 00:00:00', 'Tow', '2015-06-20 00:00:00'),
(372, 79, 1, 'Tow', '2015-06-20 00:00:00', 'Tow', '2015-06-20 00:00:00'),
(373, 79, 3, 'Tow', '2015-06-20 00:00:00', 'Tow', '2015-06-20 00:00:00'),
(374, 79, 4, 'Tow', '2015-06-20 00:00:00', 'Tow', '2015-06-20 00:00:00'),
(375, 79, 5, 'Tow', '2015-06-20 00:00:00', 'Tow', '2015-06-20 00:00:00'),
(376, 79, 7, 'Tow', '2015-06-20 00:00:00', 'Tow', '2015-06-20 00:00:00'),
(377, 79, 8, 'Tow', '2015-06-20 00:00:00', 'Tow', '2015-06-20 00:00:00'),
(378, 80, 1, 'Tow', '2015-06-20 00:00:00', 'Tow', '2015-06-20 00:00:00'),
(379, 80, 3, 'Tow', '2015-06-20 00:00:00', 'Tow', '2015-06-20 00:00:00'),
(380, 80, 4, 'Tow', '2015-06-20 00:00:00', 'Tow', '2015-06-20 00:00:00'),
(381, 80, 5, 'Tow', '2015-06-20 00:00:00', 'Tow', '2015-06-20 00:00:00'),
(382, 80, 7, 'Tow', '2015-06-20 00:00:00', 'Tow', '2015-06-20 00:00:00'),
(383, 80, 8, 'Tow', '2015-06-20 00:00:00', 'Tow', '2015-06-20 00:00:00'),
(384, 81, 1, 'Tow', '2015-06-20 00:00:00', 'Tow', '2015-06-20 00:00:00'),
(385, 81, 3, 'Tow', '2015-06-20 00:00:00', 'Tow', '2015-06-20 00:00:00'),
(386, 81, 4, 'Tow', '2015-06-20 00:00:00', 'Tow', '2015-06-20 00:00:00'),
(387, 81, 5, 'Tow', '2015-06-20 00:00:00', 'Tow', '2015-06-20 00:00:00'),
(388, 81, 7, 'Tow', '2015-06-20 00:00:00', 'Tow', '2015-06-20 00:00:00'),
(389, 81, 8, 'Tow', '2015-06-20 00:00:00', 'Tow', '2015-06-20 00:00:00'),
(390, 57, 1, 'Tow', '2015-06-20 00:00:00', 'Tow', '2015-06-20 00:00:00'),
(391, 57, 3, 'Tow', '2015-06-20 00:00:00', 'Tow', '2015-06-20 00:00:00'),
(392, 57, 4, 'Tow', '2015-06-20 00:00:00', 'Tow', '2015-06-20 00:00:00'),
(393, 57, 5, 'Tow', '2015-06-20 00:00:00', 'Tow', '2015-06-20 00:00:00'),
(394, 57, 7, 'Tow', '2015-06-20 00:00:00', 'Tow', '2015-06-20 00:00:00'),
(395, 57, 8, 'Tow', '2015-06-20 00:00:00', 'Tow', '2015-06-20 00:00:00'),
(396, 58, 1, 'Tow', '2015-06-20 00:00:00', 'Tow', '2015-06-20 00:00:00'),
(397, 58, 3, 'Tow', '2015-06-20 00:00:00', 'Tow', '2015-06-20 00:00:00'),
(398, 58, 4, 'Tow', '2015-06-20 00:00:00', 'Tow', '2015-06-20 00:00:00'),
(399, 58, 5, 'Tow', '2015-06-20 00:00:00', 'Tow', '2015-06-20 00:00:00'),
(400, 58, 7, 'Tow', '2015-06-20 00:00:00', 'Tow', '2015-06-20 00:00:00'),
(401, 58, 8, 'Tow', '2015-06-20 00:00:00', 'Tow', '2015-06-20 00:00:00'),
(402, 59, 1, 'Tow', '2015-06-20 00:00:00', 'Tow', '2015-06-20 00:00:00'),
(403, 59, 3, 'Tow', '2015-06-20 00:00:00', 'Tow', '2015-06-20 00:00:00'),
(404, 59, 4, 'Tow', '2015-06-20 00:00:00', 'Tow', '2015-06-20 00:00:00'),
(405, 59, 5, 'Tow', '2015-06-20 00:00:00', 'Tow', '2015-06-20 00:00:00'),
(406, 59, 7, 'Tow', '2015-06-20 00:00:00', 'Tow', '2015-06-20 00:00:00'),
(407, 59, 8, 'Tow', '2015-06-20 00:00:00', 'Tow', '2015-06-20 00:00:00'),
(408, 82, 1, 'Tow', '2015-06-20 00:00:00', 'Tow', '2015-06-20 00:00:00'),
(409, 82, 3, 'Tow', '2015-06-20 00:00:00', 'Tow', '2015-06-20 00:00:00'),
(410, 82, 4, 'Tow', '2015-06-20 00:00:00', 'Tow', '2015-06-20 00:00:00'),
(411, 82, 5, 'Tow', '2015-06-20 00:00:00', 'Tow', '2015-06-20 00:00:00'),
(412, 82, 7, 'Tow', '2015-06-20 00:00:00', 'Tow', '2015-06-20 00:00:00'),
(413, 82, 8, 'Tow', '2015-06-20 00:00:00', 'Tow', '2015-06-20 00:00:00'),
(414, 83, 1, 'Tow', '2015-06-20 00:00:00', 'Tow', '2015-06-20 00:00:00'),
(415, 83, 3, 'Tow', '2015-06-20 00:00:00', 'Tow', '2015-06-20 00:00:00'),
(416, 83, 4, 'Tow', '2015-06-20 00:00:00', 'Tow', '2015-06-20 00:00:00'),
(417, 83, 5, 'Tow', '2015-06-20 00:00:00', 'Tow', '2015-06-20 00:00:00'),
(418, 83, 7, 'Tow', '2015-06-20 00:00:00', 'Tow', '2015-06-20 00:00:00'),
(419, 83, 8, 'Tow', '2015-06-20 00:00:00', 'Tow', '2015-06-20 00:00:00'),
(420, 84, 1, 'Tow', '2015-06-20 00:00:00', 'Tow', '2015-06-20 00:00:00'),
(421, 84, 3, 'Tow', '2015-06-20 00:00:00', 'Tow', '2015-06-20 00:00:00'),
(422, 84, 4, 'Tow', '2015-06-20 00:00:00', 'Tow', '2015-06-20 00:00:00'),
(423, 84, 5, 'Tow', '2015-06-20 00:00:00', 'Tow', '2015-06-20 00:00:00'),
(424, 84, 7, 'Tow', '2015-06-20 00:00:00', 'Tow', '2015-06-20 00:00:00'),
(425, 84, 8, 'Tow', '2015-06-20 00:00:00', 'Tow', '2015-06-20 00:00:00'),
(426, 60, 1, 'Tow', '2015-06-20 00:00:00', 'Tow', '2015-06-20 00:00:00'),
(427, 60, 3, 'Tow', '2015-06-20 00:00:00', 'Tow', '2015-06-20 00:00:00'),
(428, 60, 4, 'Tow', '2015-06-20 00:00:00', 'Tow', '2015-06-20 00:00:00'),
(429, 60, 5, 'Tow', '2015-06-20 00:00:00', 'Tow', '2015-06-20 00:00:00'),
(430, 61, 1, 'Tow', '2015-06-20 00:00:00', 'Tow', '2015-06-20 00:00:00'),
(431, 61, 2, 'Tow', '2015-06-20 00:00:00', 'Tow', '2015-06-20 00:00:00'),
(432, 61, 3, 'Tow', '2015-06-20 00:00:00', 'Tow', '2015-06-20 00:00:00'),
(433, 61, 4, 'Tow', '2015-06-20 00:00:00', 'Tow', '2015-06-20 00:00:00'),
(434, 61, 5, 'Tow', '2015-06-20 00:00:00', 'Tow', '2015-06-20 00:00:00'),
(435, 62, 1, 'Tow', '2015-06-20 00:00:00', 'Tow', '2015-06-20 00:00:00'),
(436, 62, 3, 'Tow', '2015-06-20 00:00:00', 'Tow', '2015-06-20 00:00:00'),
(437, 62, 4, 'Tow', '2015-06-20 00:00:00', 'Tow', '2015-06-20 00:00:00'),
(438, 62, 5, 'Tow', '2015-06-20 00:00:00', 'Tow', '2015-06-20 00:00:00'),
(439, 63, 1, 'Tow', '2015-06-20 00:00:00', 'Tow', '2015-06-20 00:00:00'),
(440, 63, 3, 'Tow', '2015-06-20 00:00:00', 'Tow', '2015-06-20 00:00:00'),
(441, 63, 4, 'Tow', '2015-06-20 00:00:00', 'Tow', '2015-06-20 00:00:00'),
(442, 63, 5, 'Tow', '2015-06-20 00:00:00', 'Tow', '2015-06-20 00:00:00'),
(443, 64, 1, 'Tow', '2015-06-20 00:00:00', 'Tow', '2015-06-20 00:00:00'),
(444, 64, 3, 'Tow', '2015-06-20 00:00:00', 'Tow', '2015-06-20 00:00:00'),
(445, 64, 4, 'Tow', '2015-06-20 00:00:00', 'Tow', '2015-06-20 00:00:00'),
(446, 64, 5, 'Tow', '2015-06-20 00:00:00', 'Tow', '2015-06-20 00:00:00'),
(447, 65, 1, 'Tow', '2015-06-20 00:00:00', 'Tow', '2015-06-20 00:00:00'),
(448, 65, 3, 'Tow', '2015-06-20 00:00:00', 'Tow', '2015-06-20 00:00:00'),
(449, 65, 4, 'Tow', '2015-06-20 00:00:00', 'Tow', '2015-06-20 00:00:00'),
(450, 65, 5, 'Tow', '2015-06-20 00:00:00', 'Tow', '2015-06-20 00:00:00'),
(451, 65, 7, 'Tow', '2015-06-20 00:00:00', 'Tow', '2015-06-20 00:00:00'),
(452, 66, 1, 'Tow', '2015-06-20 00:00:00', 'Tow', '2015-06-20 00:00:00'),
(453, 66, 3, 'Tow', '2015-06-20 00:00:00', 'Tow', '2015-06-20 00:00:00'),
(454, 66, 4, 'Tow', '2015-06-20 00:00:00', 'Tow', '2015-06-20 00:00:00'),
(455, 66, 5, 'Tow', '2015-06-20 00:00:00', 'Tow', '2015-06-20 00:00:00'),
(456, 66, 7, 'Tow', '2015-06-20 00:00:00', 'Tow', '2015-06-20 00:00:00'),
(457, 85, 1, 'Tow', '2015-06-20 00:00:00', 'Tow', '2015-06-20 00:00:00'),
(458, 85, 3, 'Tow', '2015-06-20 00:00:00', 'Tow', '2015-06-20 00:00:00'),
(459, 85, 4, 'Tow', '2015-06-20 00:00:00', 'Tow', '2015-06-20 00:00:00'),
(460, 85, 5, 'Tow', '2015-06-20 00:00:00', 'Tow', '2015-06-20 00:00:00'),
(461, 85, 8, 'Tow', '2015-06-20 00:00:00', 'Tow', '2015-06-20 00:00:00'),
(462, 85, 9, 'Tow', '2015-06-20 00:00:00', 'Tow', '2015-06-20 00:00:00'),
(463, 86, 1, 'Tow', '2015-06-20 00:00:00', 'Tow', '2015-06-20 00:00:00'),
(464, 86, 3, 'Tow', '2015-06-20 00:00:00', 'Tow', '2015-06-20 00:00:00'),
(465, 86, 4, 'Tow', '2015-06-20 00:00:00', 'Tow', '2015-06-20 00:00:00'),
(466, 86, 5, 'Tow', '2015-06-20 00:00:00', 'Tow', '2015-06-20 00:00:00'),
(467, 86, 8, 'Tow', '2015-06-20 00:00:00', 'Tow', '2015-06-20 00:00:00'),
(468, 86, 9, 'Tow', '2015-06-20 00:00:00', 'Tow', '2015-06-20 00:00:00'),
(469, 87, 1, 'Tow', '2015-06-20 00:00:00', 'Tow', '2015-06-20 00:00:00'),
(470, 87, 3, 'Tow', '2015-06-20 00:00:00', 'Tow', '2015-06-20 00:00:00'),
(471, 87, 4, 'Tow', '2015-06-20 00:00:00', 'Tow', '2015-06-20 00:00:00'),
(472, 87, 5, 'Tow', '2015-06-20 00:00:00', 'Tow', '2015-06-20 00:00:00'),
(473, 87, 8, 'Tow', '2015-06-20 00:00:00', 'Tow', '2015-06-20 00:00:00'),
(474, 87, 9, 'Tow', '2015-06-20 00:00:00', 'Tow', '2015-06-20 00:00:00'),
(475, 88, 1, 'Tow', '2015-06-20 00:00:00', 'Tow', '2015-06-20 00:00:00'),
(476, 88, 3, 'Tow', '2015-06-20 00:00:00', 'Tow', '2015-06-20 00:00:00'),
(477, 88, 4, 'Tow', '2015-06-20 00:00:00', 'Tow', '2015-06-20 00:00:00'),
(478, 88, 5, 'Tow', '2015-06-20 00:00:00', 'Tow', '2015-06-20 00:00:00'),
(479, 88, 8, 'Tow', '2015-06-20 00:00:00', 'Tow', '2015-06-20 00:00:00'),
(480, 88, 9, 'Tow', '2015-06-20 00:00:00', 'Tow', '2015-06-20 00:00:00'),
(481, 89, 1, 'Tow', '2015-06-20 00:00:00', 'Tow', '2015-06-20 00:00:00'),
(482, 89, 3, 'Tow', '2015-06-20 00:00:00', 'Tow', '2015-06-20 00:00:00'),
(483, 89, 4, 'Tow', '2015-06-20 00:00:00', 'Tow', '2015-06-20 00:00:00'),
(484, 89, 5, 'Tow', '2015-06-20 00:00:00', 'Tow', '2015-06-20 00:00:00'),
(485, 89, 7, 'Tow', '2015-06-20 00:00:00', 'Tow', '2015-06-20 00:00:00'),
(486, 90, 1, 'Tow', '2015-06-20 00:00:00', 'Tow', '2015-06-20 00:00:00'),
(487, 90, 3, 'Tow', '2015-06-20 00:00:00', 'Tow', '2015-06-20 00:00:00'),
(488, 90, 4, 'Tow', '2015-06-20 00:00:00', 'Tow', '2015-06-20 00:00:00'),
(489, 90, 5, 'Tow', '2015-06-20 00:00:00', 'Tow', '2015-06-20 00:00:00'),
(490, 90, 7, 'Tow', '2015-06-20 00:00:00', 'Tow', '2015-06-20 00:00:00'),
(491, 91, 1, 'Tow', '2015-06-20 00:00:00', 'Tow', '2015-06-20 00:00:00'),
(492, 91, 3, 'Tow', '2015-06-20 00:00:00', 'Tow', '2015-06-20 00:00:00'),
(493, 91, 4, 'Tow', '2015-06-20 00:00:00', 'Tow', '2015-06-20 00:00:00'),
(494, 91, 5, 'Tow', '2015-06-20 00:00:00', 'Tow', '2015-06-20 00:00:00'),
(495, 67, 1, 'Tow', '2015-06-20 00:00:00', 'Tow', '2015-06-20 00:00:00'),
(496, 67, 3, 'Tow', '2015-06-20 00:00:00', 'Tow', '2015-06-20 00:00:00'),
(497, 67, 4, 'Tow', '2015-06-20 00:00:00', 'Tow', '2015-06-20 00:00:00'),
(498, 67, 5, 'Tow', '2015-06-20 00:00:00', 'Tow', '2015-06-20 00:00:00'),
(499, 67, 7, 'Tow', '2015-06-20 00:00:00', 'Tow', '2015-06-20 00:00:00'),
(500, 67, 8, 'Tow', '2015-06-20 00:00:00', 'Tow', '2015-06-20 00:00:00'),
(501, 68, 1, 'Tow', '2015-06-20 00:00:00', 'Tow', '2015-06-20 00:00:00'),
(502, 68, 3, 'Tow', '2015-06-20 00:00:00', 'Tow', '2015-06-20 00:00:00'),
(503, 68, 4, 'Tow', '2015-06-20 00:00:00', 'Tow', '2015-06-20 00:00:00'),
(504, 68, 5, 'Tow', '2015-06-20 00:00:00', 'Tow', '2015-06-20 00:00:00'),
(505, 68, 7, 'Tow', '2015-06-20 00:00:00', 'Tow', '2015-06-20 00:00:00'),
(506, 68, 8, 'Tow', '2015-06-20 00:00:00', 'Tow', '2015-06-20 00:00:00'),
(507, 69, 1, 'Tow', '2015-06-20 00:00:00', 'Tow', '2015-06-20 00:00:00'),
(508, 69, 3, 'Tow', '2015-06-20 00:00:00', 'Tow', '2015-06-20 00:00:00'),
(509, 69, 4, 'Tow', '2015-06-20 00:00:00', 'Tow', '2015-06-20 00:00:00'),
(510, 69, 5, 'Tow', '2015-06-20 00:00:00', 'Tow', '2015-06-20 00:00:00'),
(511, 69, 7, 'Tow', '2015-06-20 00:00:00', 'Tow', '2015-06-20 00:00:00'),
(512, 69, 8, 'Tow', '2015-06-20 00:00:00', 'Tow', '2015-06-20 00:00:00'),
(513, 70, 1, 'Tow', '2015-06-20 00:00:00', 'Tow', '2015-06-20 00:00:00'),
(514, 70, 3, 'Tow', '2015-06-20 00:00:00', 'Tow', '2015-06-20 00:00:00'),
(515, 70, 4, 'Tow', '2015-06-20 00:00:00', 'Tow', '2015-06-20 00:00:00'),
(516, 70, 5, 'Tow', '2015-06-20 00:00:00', 'Tow', '2015-06-20 00:00:00'),
(517, 70, 7, 'Tow', '2015-06-20 00:00:00', 'Tow', '2015-06-20 00:00:00'),
(518, 70, 8, 'Tow', '2015-06-20 00:00:00', 'Tow', '2015-06-20 00:00:00'),
(519, 71, 1, 'Tow', '2015-06-20 00:00:00', 'Tow', '2015-06-20 00:00:00'),
(520, 71, 3, 'Tow', '2015-06-20 00:00:00', 'Tow', '2015-06-20 00:00:00'),
(521, 71, 4, 'Tow', '2015-06-20 00:00:00', 'Tow', '2015-06-20 00:00:00'),
(522, 71, 5, 'Tow', '2015-06-20 00:00:00', 'Tow', '2015-06-20 00:00:00'),
(523, 71, 7, 'Tow', '2015-06-20 00:00:00', 'Tow', '2015-06-20 00:00:00'),
(524, 71, 8, 'Tow', '2015-06-20 00:00:00', 'Tow', '2015-06-20 00:00:00'),
(525, 92, 1, 'Tow', '2015-06-20 00:00:00', 'Tow', '2015-06-20 00:00:00'),
(526, 92, 3, 'Tow', '2015-06-20 00:00:00', 'Tow', '2015-06-20 00:00:00'),
(527, 92, 4, 'Tow', '2015-06-20 00:00:00', 'Tow', '2015-06-20 00:00:00'),
(528, 92, 5, 'Tow', '2015-06-20 00:00:00', 'Tow', '2015-06-20 00:00:00'),
(529, 92, 7, 'Tow', '2015-06-20 00:00:00', 'Tow', '2015-06-20 00:00:00'),
(530, 92, 8, 'Tow', '2015-06-20 00:00:00', 'Tow', '2015-06-20 00:00:00'),
(531, 93, 1, 'Tow', '2015-06-20 00:00:00', 'Tow', '2015-06-20 00:00:00'),
(532, 93, 3, 'Tow', '2015-06-20 00:00:00', 'Tow', '2015-06-20 00:00:00'),
(533, 93, 4, 'Tow', '2015-06-20 00:00:00', 'Tow', '2015-06-20 00:00:00'),
(534, 93, 5, 'Tow', '2015-06-20 00:00:00', 'Tow', '2015-06-20 00:00:00'),
(535, 93, 7, 'Tow', '2015-06-20 00:00:00', 'Tow', '2015-06-20 00:00:00'),
(536, 93, 8, 'Tow', '2015-06-20 00:00:00', 'Tow', '2015-06-20 00:00:00'),
(537, 94, 1, 'Tow', '2015-06-20 00:00:00', 'Tow', '2015-06-20 00:00:00'),
(538, 94, 3, 'Tow', '2015-06-20 00:00:00', 'Tow', '2015-06-20 00:00:00'),
(539, 94, 4, 'Tow', '2015-06-20 00:00:00', 'Tow', '2015-06-20 00:00:00'),
(540, 94, 5, 'Tow', '2015-06-20 00:00:00', 'Tow', '2015-06-20 00:00:00'),
(541, 94, 7, 'Tow', '2015-06-20 00:00:00', 'Tow', '2015-06-20 00:00:00'),
(542, 94, 8, 'Tow', '2015-06-20 00:00:00', 'Tow', '2015-06-20 00:00:00'),
(543, 96, 1, 'Tow', '2015-06-20 00:00:00', 'Tow', '2015-06-20 00:00:00'),
(544, 96, 3, 'Tow', '2015-06-20 00:00:00', 'Tow', '2015-06-20 00:00:00'),
(545, 96, 4, 'Tow', '2015-06-20 00:00:00', 'Tow', '2015-06-20 00:00:00'),
(546, 96, 5, 'Tow', '2015-06-20 00:00:00', 'Tow', '2015-06-20 00:00:00'),
(547, 96, 7, 'Tow', '2015-06-20 00:00:00', 'Tow', '2015-06-20 00:00:00'),
(548, 97, 1, 'Tow', '2015-06-20 00:00:00', 'Tow', '2015-06-20 00:00:00'),
(549, 97, 3, 'Tow', '2015-06-20 00:00:00', 'Tow', '2015-06-20 00:00:00'),
(550, 97, 4, 'Tow', '2015-06-20 00:00:00', 'Tow', '2015-06-20 00:00:00'),
(551, 97, 5, 'Tow', '2015-06-20 00:00:00', 'Tow', '2015-06-20 00:00:00'),
(552, 97, 7, 'Tow', '2015-06-20 00:00:00', 'Tow', '2015-06-20 00:00:00'),
(553, 98, 1, 'Tow', '2015-06-20 00:00:00', 'Tow', '2015-06-20 00:00:00'),
(554, 98, 3, 'Tow', '2015-06-20 00:00:00', 'Tow', '2015-06-20 00:00:00'),
(555, 98, 4, 'Tow', '2015-06-20 00:00:00', 'Tow', '2015-06-20 00:00:00'),
(556, 98, 5, 'Tow', '2015-06-20 00:00:00', 'Tow', '2015-06-20 00:00:00'),
(557, 98, 7, 'Tow', '2015-06-20 00:00:00', 'Tow', '2015-06-20 00:00:00'),
(558, 98, 8, 'Tow', '2015-06-20 00:00:00', 'Tow', '2015-06-20 00:00:00'),
(559, 99, 1, 'Tow', '2015-06-20 00:00:00', 'Tow', '2015-06-20 00:00:00'),
(560, 99, 3, 'Tow', '2015-06-20 00:00:00', 'Tow', '2015-06-20 00:00:00'),
(561, 99, 4, 'Tow', '2015-06-20 00:00:00', 'Tow', '2015-06-20 00:00:00'),
(562, 99, 5, 'Tow', '2015-06-20 00:00:00', 'Tow', '2015-06-20 00:00:00'),
(563, 99, 7, 'Tow', '2015-06-20 00:00:00', 'Tow', '2015-06-20 00:00:00'),
(564, 99, 8, 'Tow', '2015-06-20 00:00:00', 'Tow', '2015-06-20 00:00:00'),
(565, 100, 1, 'Tow', '2015-06-20 00:00:00', 'Tow', '2015-06-20 00:00:00'),
(566, 100, 3, 'Tow', '2015-06-20 00:00:00', 'Tow', '2015-06-20 00:00:00'),
(567, 100, 4, 'Tow', '2015-06-20 00:00:00', 'Tow', '2015-06-20 00:00:00'),
(568, 100, 5, 'Tow', '2015-06-20 00:00:00', 'Tow', '2015-06-20 00:00:00'),
(569, 100, 7, 'Tow', '2015-06-20 00:00:00', 'Tow', '2015-06-20 00:00:00'),
(570, 100, 8, 'Tow', '2015-06-20 00:00:00', 'Tow', '2015-06-20 00:00:00'),
(571, 101, 1, 'Tow', '2015-06-20 00:00:00', 'Tow', '2015-06-20 00:00:00'),
(572, 101, 3, 'Tow', '2015-06-20 00:00:00', 'Tow', '2015-06-20 00:00:00'),
(573, 101, 4, 'Tow', '2015-06-20 00:00:00', 'Tow', '2015-06-20 00:00:00'),
(574, 101, 5, 'Tow', '2015-06-20 00:00:00', 'Tow', '2015-06-20 00:00:00'),
(575, 101, 7, 'Tow', '2015-06-20 00:00:00', 'Tow', '2015-06-20 00:00:00'),
(576, 102, 1, 'Tow', '2015-06-20 00:00:00', 'Tow', '2015-06-20 00:00:00'),
(577, 102, 3, 'Tow', '2015-06-20 00:00:00', 'Tow', '2015-06-20 00:00:00'),
(578, 102, 4, 'Tow', '2015-06-20 00:00:00', 'Tow', '2015-06-20 00:00:00'),
(579, 102, 5, 'Tow', '2015-06-20 00:00:00', 'Tow', '2015-06-20 00:00:00'),
(580, 102, 7, 'Tow', '2015-06-20 00:00:00', 'Tow', '2015-06-20 00:00:00'),
(581, 103, 1, 'Tow', '2015-06-20 00:00:00', 'Tow', '2015-06-20 00:00:00'),
(582, 103, 3, 'Tow', '2015-06-20 00:00:00', 'Tow', '2015-06-20 00:00:00'),
(583, 103, 4, 'Tow', '2015-06-20 00:00:00', 'Tow', '2015-06-20 00:00:00'),
(584, 103, 5, 'Tow', '2015-06-20 00:00:00', 'Tow', '2015-06-20 00:00:00'),
(585, 103, 7, 'Tow', '2015-06-20 00:00:00', 'Tow', '2015-06-20 00:00:00'),
(586, 104, 1, 'Tow', '2015-06-20 00:00:00', 'Tow', '2015-06-20 00:00:00'),
(587, 104, 3, 'Tow', '2015-06-20 00:00:00', 'Tow', '2015-06-20 00:00:00'),
(588, 104, 4, 'Tow', '2015-06-20 00:00:00', 'Tow', '2015-06-20 00:00:00'),
(589, 104, 5, 'Tow', '2015-06-20 00:00:00', 'Tow', '2015-06-20 00:00:00'),
(590, 104, 7, 'Tow', '2015-06-20 00:00:00', 'Tow', '2015-06-20 00:00:00'),
(591, 104, 8, 'Tow', '2015-06-20 00:00:00', 'Tow', '2015-06-20 00:00:00'),
(592, 105, 1, 'Tow', '2015-06-20 00:00:00', 'Tow', '2015-06-20 00:00:00'),
(593, 105, 3, 'Tow', '2015-06-20 00:00:00', 'Tow', '2015-06-20 00:00:00'),
(594, 105, 4, 'Tow', '2015-06-20 00:00:00', 'Tow', '2015-06-20 00:00:00'),
(595, 105, 5, 'Tow', '2015-06-20 00:00:00', 'Tow', '2015-06-20 00:00:00'),
(596, 105, 7, 'Tow', '2015-06-20 00:00:00', 'Tow', '2015-06-20 00:00:00'),
(597, 105, 8, 'Tow', '2015-06-20 00:00:00', 'Tow', '2015-06-20 00:00:00'),
(598, 106, 1, 'Tow', '2015-06-20 00:00:00', 'Tow', '2015-06-20 00:00:00'),
(599, 106, 3, 'Tow', '2015-06-20 00:00:00', 'Tow', '2015-06-20 00:00:00'),
(600, 106, 4, 'Tow', '2015-06-20 00:00:00', 'Tow', '2015-06-20 00:00:00'),
(601, 106, 5, 'Tow', '2015-06-20 00:00:00', 'Tow', '2015-06-20 00:00:00'),
(602, 107, 1, 'Tow', '2015-06-20 00:00:00', 'Tow', '2015-06-20 00:00:00'),
(603, 107, 3, 'Tow', '2015-06-20 00:00:00', 'Tow', '2015-06-20 00:00:00'),
(604, 107, 4, 'Tow', '2015-06-20 00:00:00', 'Tow', '2015-06-20 00:00:00'),
(605, 107, 5, 'Tow', '2015-06-20 00:00:00', 'Tow', '2015-06-20 00:00:00'),
(606, 108, 1, 'Tow', '2015-06-20 00:00:00', 'Tow', '2015-06-20 00:00:00'),
(607, 108, 3, 'Tow', '2015-06-20 00:00:00', 'Tow', '2015-06-20 00:00:00'),
(608, 108, 4, 'Tow', '2015-06-20 00:00:00', 'Tow', '2015-06-20 00:00:00'),
(609, 108, 5, 'Tow', '2015-06-20 00:00:00', 'Tow', '2015-06-20 00:00:00'),
(610, 108, 7, 'Tow', '2015-06-20 00:00:00', 'Tow', '2015-06-20 00:00:00'),
(611, 108, 8, 'Tow', '2015-06-20 00:00:00', 'Tow', '2015-06-20 00:00:00'),
(612, 109, 1, 'Tow', '2015-06-20 00:00:00', 'Tow', '2015-06-20 00:00:00'),
(613, 109, 3, 'Tow', '2015-06-20 00:00:00', 'Tow', '2015-06-20 00:00:00'),
(614, 109, 4, 'Tow', '2015-06-20 00:00:00', 'Tow', '2015-06-20 00:00:00'),
(615, 109, 5, 'Tow', '2015-06-20 00:00:00', 'Tow', '2015-06-20 00:00:00'),
(616, 109, 7, 'Tow', '2015-06-20 00:00:00', 'Tow', '2015-06-20 00:00:00'),
(617, 109, 8, 'Tow', '2015-06-20 00:00:00', 'Tow', '2015-06-20 00:00:00'),
(618, 110, 1, 'Tow', '2015-06-20 00:00:00', 'Tow', '2015-06-20 00:00:00'),
(619, 110, 3, 'Tow', '2015-06-20 00:00:00', 'Tow', '2015-06-20 00:00:00'),
(620, 110, 4, 'Tow', '2015-06-20 00:00:00', 'Tow', '2015-06-20 00:00:00'),
(621, 110, 5, 'Tow', '2015-06-20 00:00:00', 'Tow', '2015-06-20 00:00:00'),
(622, 110, 7, 'Tow', '2015-06-20 00:00:00', 'Tow', '2015-06-20 00:00:00'),
(623, 110, 8, 'Tow', '2015-06-20 00:00:00', 'Tow', '2015-06-20 00:00:00'),
(624, 111, 1, 'Tow', '2015-06-20 00:00:00', 'Tow', '2015-06-20 00:00:00'),
(625, 111, 3, 'Tow', '2015-06-20 00:00:00', 'Tow', '2015-06-20 00:00:00'),
(626, 111, 4, 'Tow', '2015-06-20 00:00:00', 'Tow', '2015-06-20 00:00:00'),
(627, 111, 5, 'Tow', '2015-06-20 00:00:00', 'Tow', '2015-06-20 00:00:00'),
(628, 111, 7, 'Tow', '2015-06-20 00:00:00', 'Tow', '2015-06-20 00:00:00'),
(629, 111, 8, 'Tow', '2015-06-20 00:00:00', 'Tow', '2015-06-20 00:00:00'),
(630, 112, 1, 'Tow', '2015-06-20 00:00:00', 'Tow', '2015-06-20 00:00:00'),
(631, 112, 3, 'Tow', '2015-06-20 00:00:00', 'Tow', '2015-06-20 00:00:00'),
(632, 112, 4, 'Tow', '2015-06-20 00:00:00', 'Tow', '2015-06-20 00:00:00'),
(633, 112, 5, 'Tow', '2015-06-20 00:00:00', 'Tow', '2015-06-20 00:00:00'),
(634, 112, 7, 'Tow', '2015-06-20 00:00:00', 'Tow', '2015-06-20 00:00:00'),
(635, 112, 8, 'Tow', '2015-06-20 00:00:00', 'Tow', '2015-06-20 00:00:00'),
(636, 113, 1, 'Tow', '2015-06-20 00:00:00', 'Tow', '2015-06-20 00:00:00'),
(637, 113, 3, 'Tow', '2015-06-20 00:00:00', 'Tow', '2015-06-20 00:00:00'),
(638, 113, 4, 'Tow', '2015-06-20 00:00:00', 'Tow', '2015-06-20 00:00:00'),
(639, 113, 5, 'Tow', '2015-06-20 00:00:00', 'Tow', '2015-06-20 00:00:00'),
(640, 113, 7, 'Tow', '2015-06-20 00:00:00', 'Tow', '2015-06-20 00:00:00'),
(641, 113, 8, 'Tow', '2015-06-20 00:00:00', 'Tow', '2015-06-20 00:00:00'),
(642, 114, 1, 'Tow', '2015-06-20 00:00:00', 'Tow', '2015-06-20 00:00:00'),
(643, 114, 3, 'Tow', '2015-06-20 00:00:00', 'Tow', '2015-06-20 00:00:00'),
(644, 114, 4, 'Tow', '2015-06-20 00:00:00', 'Tow', '2015-06-20 00:00:00'),
(645, 114, 5, 'Tow', '2015-06-20 00:00:00', 'Tow', '2015-06-20 00:00:00'),
(646, 114, 7, 'Tow', '2015-06-20 00:00:00', 'Tow', '2015-06-20 00:00:00'),
(647, 114, 8, 'Tow', '2015-06-20 00:00:00', 'Tow', '2015-06-20 00:00:00'),
(648, 115, 1, 'Tow', '2015-06-20 00:00:00', 'Tow', '2015-06-20 00:00:00'),
(649, 115, 3, 'Tow', '2015-06-20 00:00:00', 'Tow', '2015-06-20 00:00:00'),
(650, 115, 4, 'Tow', '2015-06-20 00:00:00', 'Tow', '2015-06-20 00:00:00'),
(651, 115, 5, 'Tow', '2015-06-20 00:00:00', 'Tow', '2015-06-20 00:00:00'),
(652, 115, 7, 'Tow', '2015-06-20 00:00:00', 'Tow', '2015-06-20 00:00:00'),
(653, 115, 8, 'Tow', '2015-06-20 00:00:00', 'Tow', '2015-06-20 00:00:00'),
(654, 116, 1, 'Tow', '2015-06-20 00:00:00', 'Tow', '2015-06-20 00:00:00'),
(655, 116, 3, 'Tow', '2015-06-20 00:00:00', 'Tow', '2015-06-20 00:00:00'),
(656, 116, 4, 'Tow', '2015-06-20 00:00:00', 'Tow', '2015-06-20 00:00:00'),
(657, 116, 5, 'Tow', '2015-06-20 00:00:00', 'Tow', '2015-06-20 00:00:00'),
(658, 116, 7, 'Tow', '2015-06-20 00:00:00', 'Tow', '2015-06-20 00:00:00'),
(659, 116, 8, 'Tow', '2015-06-20 00:00:00', 'Tow', '2015-06-20 00:00:00'),
(660, 117, 1, 'Tow', '2015-06-20 00:00:00', 'Tow', '2015-06-20 00:00:00'),
(661, 117, 3, 'Tow', '2015-06-20 00:00:00', 'Tow', '2015-06-20 00:00:00'),
(662, 117, 4, 'Tow', '2015-06-20 00:00:00', 'Tow', '2015-06-20 00:00:00'),
(663, 117, 5, 'Tow', '2015-06-20 00:00:00', 'Tow', '2015-06-20 00:00:00'),
(664, 117, 7, 'Tow', '2015-06-20 00:00:00', 'Tow', '2015-06-20 00:00:00'),
(665, 117, 8, 'Tow', '2015-06-20 00:00:00', 'Tow', '2015-06-20 00:00:00'),
(666, 118, 1, 'Tow', '2015-06-20 00:00:00', 'Tow', '2015-06-20 00:00:00'),
(667, 118, 3, 'Tow', '2015-06-20 00:00:00', 'Tow', '2015-06-20 00:00:00'),
(668, 118, 4, 'Tow', '2015-06-20 00:00:00', 'Tow', '2015-06-20 00:00:00'),
(669, 118, 5, 'Tow', '2015-06-20 00:00:00', 'Tow', '2015-06-20 00:00:00'),
(670, 119, 1, 'Tow', '2015-06-20 00:00:00', 'Tow', '2015-06-20 00:00:00'),
(671, 119, 3, 'Tow', '2015-06-20 00:00:00', 'Tow', '2015-06-20 00:00:00'),
(672, 119, 4, 'Tow', '2015-06-20 00:00:00', 'Tow', '2015-06-20 00:00:00'),
(673, 119, 5, 'Tow', '2015-06-20 00:00:00', 'Tow', '2015-06-20 00:00:00'),
(674, 120, 1, 'Tow', '2015-06-20 00:00:00', 'Tow', '2015-06-20 00:00:00'),
(675, 120, 3, 'Tow', '2015-06-20 00:00:00', 'Tow', '2015-06-20 00:00:00'),
(676, 120, 4, 'Tow', '2015-06-20 00:00:00', 'Tow', '2015-06-20 00:00:00'),
(677, 120, 5, 'Tow', '2015-06-20 00:00:00', 'Tow', '2015-06-20 00:00:00'),
(678, 121, 1, 'Tow', '2015-06-20 00:00:00', 'Tow', '2015-06-20 00:00:00'),
(679, 121, 3, 'Tow', '2015-06-20 00:00:00', 'Tow', '2015-06-20 00:00:00'),
(680, 121, 4, 'Tow', '2015-06-20 00:00:00', 'Tow', '2015-06-20 00:00:00'),
(681, 121, 5, 'Tow', '2015-06-20 00:00:00', 'Tow', '2015-06-20 00:00:00'),
(682, 122, 1, 'Tow', '2015-06-20 00:00:00', 'Tow', '2015-06-20 00:00:00'),
(683, 122, 3, 'Tow', '2015-06-20 00:00:00', 'Tow', '2015-06-20 00:00:00'),
(684, 122, 4, 'Tow', '2015-06-20 00:00:00', 'Tow', '2015-06-20 00:00:00'),
(685, 122, 5, 'Tow', '2015-06-20 00:00:00', 'Tow', '2015-06-20 00:00:00'),
(686, 123, 1, 'Tow', '2015-06-20 00:00:00', 'Tow', '2015-06-20 00:00:00'),
(687, 123, 2, 'Tow', '2015-06-20 00:00:00', 'Tow', '2015-06-20 00:00:00'),
(688, 123, 3, 'Tow', '2015-06-20 00:00:00', 'Tow', '2015-06-20 00:00:00'),
(689, 123, 4, 'Tow', '2015-06-20 00:00:00', 'Tow', '2015-06-20 00:00:00'),
(690, 123, 5, 'Tow', '2015-06-20 00:00:00', 'Tow', '2015-06-20 00:00:00'),
(691, 124, 1, 'Tow', '2015-06-20 00:00:00', 'Tow', '2015-06-20 00:00:00'),
(692, 124, 2, 'Tow', '2015-06-20 00:00:00', 'Tow', '2015-06-20 00:00:00'),
(693, 124, 3, 'Tow', '2015-06-20 00:00:00', 'Tow', '2015-06-20 00:00:00'),
(694, 124, 4, 'Tow', '2015-06-20 00:00:00', 'Tow', '2015-06-20 00:00:00'),
(695, 124, 5, 'Tow', '2015-06-20 00:00:00', 'Tow', '2015-06-20 00:00:00'),
(696, 124, 10, 'Tow', '2015-06-20 00:00:00', 'Tow', '2015-06-20 00:00:00'),
(697, 125, 1, 'Tow', '2015-06-20 00:00:00', 'Tow', '2015-06-20 00:00:00'),
(698, 125, 2, 'Tow', '2015-06-20 00:00:00', 'Tow', '2015-06-20 00:00:00'),
(699, 125, 3, 'Tow', '2015-06-20 00:00:00', 'Tow', '2015-06-20 00:00:00'),
(700, 125, 4, 'Tow', '2015-06-20 00:00:00', 'Tow', '2015-06-20 00:00:00'),
(701, 125, 5, 'Tow', '2015-06-20 00:00:00', 'Tow', '2015-06-20 00:00:00'),
(702, 125, 10, 'Tow', '2015-06-20 00:00:00', 'Tow', '2015-06-20 00:00:00'),
(703, 126, 1, 'Tow', '2015-06-20 00:00:00', 'Tow', '2015-06-20 00:00:00');
INSERT INTO `product_dtl_size` (`PRODUCT_DTL_SZ_ID`, `PRODUCT_DTL_ID`, `SIZE_ID`, `CREATED_BY`, `CREATED_DATE`, `UPDATED_BY`, `UPDATED_DATE`) VALUES
(704, 126, 2, 'Tow', '2015-06-20 00:00:00', 'Tow', '2015-06-20 00:00:00'),
(705, 126, 3, 'Tow', '2015-06-20 00:00:00', 'Tow', '2015-06-20 00:00:00'),
(706, 126, 4, 'Tow', '2015-06-20 00:00:00', 'Tow', '2015-06-20 00:00:00'),
(707, 126, 5, 'Tow', '2015-06-20 00:00:00', 'Tow', '2015-06-20 00:00:00'),
(708, 126, 10, 'Tow', '2015-06-20 00:00:00', 'Tow', '2015-06-20 00:00:00'),
(709, 127, 1, 'Tow', '2015-06-20 00:00:00', 'Tow', '2015-06-20 00:00:00'),
(710, 127, 2, 'Tow', '2015-06-20 00:00:00', 'Tow', '2015-06-20 00:00:00'),
(711, 127, 3, 'Tow', '2015-06-20 00:00:00', 'Tow', '2015-06-20 00:00:00'),
(712, 127, 4, 'Tow', '2015-06-20 00:00:00', 'Tow', '2015-06-20 00:00:00'),
(713, 127, 5, 'Tow', '2015-06-20 00:00:00', 'Tow', '2015-06-20 00:00:00'),
(714, 127, 10, 'Tow', '2015-06-20 00:00:00', 'Tow', '2015-06-20 00:00:00'),
(715, 128, 1, 'Tow', '2015-06-20 00:00:00', 'Tow', '2015-06-20 00:00:00'),
(716, 128, 2, 'Tow', '2015-06-20 00:00:00', 'Tow', '2015-06-20 00:00:00'),
(717, 128, 3, 'Tow', '2015-06-20 00:00:00', 'Tow', '2015-06-20 00:00:00'),
(718, 128, 4, 'Tow', '2015-06-20 00:00:00', 'Tow', '2015-06-20 00:00:00'),
(719, 128, 5, 'Tow', '2015-06-20 00:00:00', 'Tow', '2015-06-20 00:00:00'),
(720, 129, 1, 'Tow', '2015-06-20 00:00:00', 'Tow', '2015-06-20 00:00:00'),
(721, 129, 3, 'Tow', '2015-06-20 00:00:00', 'Tow', '2015-06-20 00:00:00'),
(722, 129, 4, 'Tow', '2015-06-20 00:00:00', 'Tow', '2015-06-20 00:00:00'),
(723, 129, 5, 'Tow', '2015-06-20 00:00:00', 'Tow', '2015-06-20 00:00:00'),
(724, 130, 1, 'Tow', '2015-06-20 00:00:00', 'Tow', '2015-06-20 00:00:00'),
(725, 130, 3, 'Tow', '2015-06-20 00:00:00', 'Tow', '2015-06-20 00:00:00'),
(726, 130, 4, 'Tow', '2015-06-20 00:00:00', 'Tow', '2015-06-20 00:00:00'),
(727, 130, 5, 'Tow', '2015-06-20 00:00:00', 'Tow', '2015-06-20 00:00:00'),
(728, 131, 1, 'Tow', '2015-06-20 00:00:00', 'Tow', '2015-06-20 00:00:00'),
(729, 131, 3, 'Tow', '2015-06-20 00:00:00', 'Tow', '2015-06-20 00:00:00'),
(730, 131, 4, 'Tow', '2015-06-20 00:00:00', 'Tow', '2015-06-20 00:00:00'),
(731, 131, 5, 'Tow', '2015-06-20 00:00:00', 'Tow', '2015-06-20 00:00:00'),
(732, 132, 1, 'Tow', '2015-06-20 00:00:00', 'Tow', '2015-06-20 00:00:00'),
(733, 132, 3, 'Tow', '2015-06-20 00:00:00', 'Tow', '2015-06-20 00:00:00'),
(734, 132, 4, 'Tow', '2015-06-20 00:00:00', 'Tow', '2015-06-20 00:00:00'),
(735, 132, 5, 'Tow', '2015-06-20 00:00:00', 'Tow', '2015-06-20 00:00:00'),
(736, 133, 1, 'Tow', '2015-06-20 00:00:00', 'Tow', '2015-06-20 00:00:00'),
(737, 133, 3, 'Tow', '2015-06-20 00:00:00', 'Tow', '2015-06-20 00:00:00'),
(738, 133, 4, 'Tow', '2015-06-20 00:00:00', 'Tow', '2015-06-20 00:00:00'),
(739, 133, 5, 'Tow', '2015-06-20 00:00:00', 'Tow', '2015-06-20 00:00:00'),
(740, 134, 1, 'Tow', '2015-06-20 00:00:00', 'Tow', '2015-06-20 00:00:00'),
(741, 134, 3, 'Tow', '2015-06-20 00:00:00', 'Tow', '2015-06-20 00:00:00'),
(742, 134, 4, 'Tow', '2015-06-20 00:00:00', 'Tow', '2015-06-20 00:00:00'),
(743, 134, 5, 'Tow', '2015-06-20 00:00:00', 'Tow', '2015-06-20 00:00:00'),
(744, 135, 1, 'Tow', '2015-06-20 00:00:00', 'Tow', '2015-06-20 00:00:00'),
(745, 135, 3, 'Tow', '2015-06-20 00:00:00', 'Tow', '2015-06-20 00:00:00'),
(746, 135, 4, 'Tow', '2015-06-20 00:00:00', 'Tow', '2015-06-20 00:00:00'),
(747, 135, 5, 'Tow', '2015-06-20 00:00:00', 'Tow', '2015-06-20 00:00:00'),
(748, 135, 7, 'Tow', '2015-06-20 00:00:00', 'Tow', '2015-06-20 00:00:00'),
(749, 136, 1, 'Tow', '2015-06-20 00:00:00', 'Tow', '2015-06-20 00:00:00'),
(750, 136, 3, 'Tow', '2015-06-20 00:00:00', 'Tow', '2015-06-20 00:00:00'),
(751, 136, 4, 'Tow', '2015-06-20 00:00:00', 'Tow', '2015-06-20 00:00:00'),
(752, 136, 5, 'Tow', '2015-06-20 00:00:00', 'Tow', '2015-06-20 00:00:00'),
(753, 137, 1, 'Tow', '2015-06-20 00:00:00', 'Tow', '2015-06-20 00:00:00'),
(754, 137, 3, 'Tow', '2015-06-20 00:00:00', 'Tow', '2015-06-20 00:00:00'),
(755, 137, 4, 'Tow', '2015-06-20 00:00:00', 'Tow', '2015-06-20 00:00:00'),
(756, 137, 5, 'Tow', '2015-06-20 00:00:00', 'Tow', '2015-06-20 00:00:00'),
(757, 138, 1, 'Tow', '2015-06-20 00:00:00', 'Tow', '2015-06-20 00:00:00'),
(758, 138, 3, 'Tow', '2015-06-20 00:00:00', 'Tow', '2015-06-20 00:00:00'),
(759, 138, 4, 'Tow', '2015-06-20 00:00:00', 'Tow', '2015-06-20 00:00:00'),
(760, 138, 5, 'Tow', '2015-06-20 00:00:00', 'Tow', '2015-06-20 00:00:00'),
(761, 138, 7, 'Tow', '2015-06-20 00:00:00', 'Tow', '2015-06-20 00:00:00'),
(762, 138, 8, 'Tow', '2015-06-20 00:00:00', 'Tow', '2015-06-20 00:00:00'),
(763, 139, 1, 'Tow', '2015-06-20 00:00:00', 'Tow', '2015-06-20 00:00:00'),
(764, 139, 3, 'Tow', '2015-06-20 00:00:00', 'Tow', '2015-06-20 00:00:00'),
(765, 139, 4, 'Tow', '2015-06-20 00:00:00', 'Tow', '2015-06-20 00:00:00'),
(766, 139, 5, 'Tow', '2015-06-20 00:00:00', 'Tow', '2015-06-20 00:00:00'),
(767, 139, 7, 'Tow', '2015-06-20 00:00:00', 'Tow', '2015-06-20 00:00:00'),
(768, 139, 8, 'Tow', '2015-06-20 00:00:00', 'Tow', '2015-06-20 00:00:00'),
(769, 140, 1, 'Tow', '2015-06-20 00:00:00', 'Tow', '2015-06-20 00:00:00'),
(770, 140, 3, 'Tow', '2015-06-20 00:00:00', 'Tow', '2015-06-20 00:00:00'),
(771, 140, 4, 'Tow', '2015-06-20 00:00:00', 'Tow', '2015-06-20 00:00:00'),
(772, 140, 5, 'Tow', '2015-06-20 00:00:00', 'Tow', '2015-06-20 00:00:00'),
(773, 140, 7, 'Tow', '2015-06-20 00:00:00', 'Tow', '2015-06-20 00:00:00'),
(774, 140, 8, 'Tow', '2015-06-20 00:00:00', 'Tow', '2015-06-20 00:00:00'),
(775, 141, 1, 'Tow', '2015-06-20 00:00:00', 'Tow', '2015-06-20 00:00:00'),
(776, 141, 3, 'Tow', '2015-06-20 00:00:00', 'Tow', '2015-06-20 00:00:00'),
(777, 141, 4, 'Tow', '2015-06-20 00:00:00', 'Tow', '2015-06-20 00:00:00'),
(778, 141, 5, 'Tow', '2015-06-20 00:00:00', 'Tow', '2015-06-20 00:00:00'),
(779, 141, 7, 'Tow', '2015-06-20 00:00:00', 'Tow', '2015-06-20 00:00:00'),
(780, 141, 8, 'Tow', '2015-06-20 00:00:00', 'Tow', '2015-06-20 00:00:00'),
(781, 142, 1, 'Tow', '2015-06-20 00:00:00', 'Tow', '2015-06-20 00:00:00'),
(782, 142, 3, 'Tow', '2015-06-20 00:00:00', 'Tow', '2015-06-20 00:00:00'),
(783, 142, 4, 'Tow', '2015-06-20 00:00:00', 'Tow', '2015-06-20 00:00:00'),
(784, 142, 5, 'Tow', '2015-06-20 00:00:00', 'Tow', '2015-06-20 00:00:00'),
(785, 143, 1, 'Tow', '2015-06-20 00:00:00', 'Tow', '2015-06-20 00:00:00'),
(786, 143, 3, 'Tow', '2015-06-20 00:00:00', 'Tow', '2015-06-20 00:00:00'),
(787, 143, 4, 'Tow', '2015-06-20 00:00:00', 'Tow', '2015-06-20 00:00:00'),
(788, 143, 5, 'Tow', '2015-06-20 00:00:00', 'Tow', '2015-06-20 00:00:00'),
(789, 144, 1, 'Tow', '2015-06-20 00:00:00', 'Tow', '2015-06-20 00:00:00'),
(790, 144, 3, 'Tow', '2015-06-20 00:00:00', 'Tow', '2015-06-20 00:00:00'),
(791, 144, 4, 'Tow', '2015-06-20 00:00:00', 'Tow', '2015-06-20 00:00:00'),
(792, 144, 5, 'Tow', '2015-06-20 00:00:00', 'Tow', '2015-06-20 00:00:00'),
(793, 145, 1, 'Tow', '2015-06-20 00:00:00', 'Tow', '2015-06-20 00:00:00'),
(794, 145, 3, 'Tow', '2015-06-20 00:00:00', 'Tow', '2015-06-20 00:00:00'),
(795, 145, 4, 'Tow', '2015-06-20 00:00:00', 'Tow', '2015-06-20 00:00:00'),
(796, 145, 5, 'Tow', '2015-06-20 00:00:00', 'Tow', '2015-06-20 00:00:00'),
(797, 146, 1, 'Tow', '2015-06-20 00:00:00', 'Tow', '2015-06-20 00:00:00'),
(798, 146, 3, 'Tow', '2015-06-20 00:00:00', 'Tow', '2015-06-20 00:00:00'),
(799, 146, 4, 'Tow', '2015-06-20 00:00:00', 'Tow', '2015-06-20 00:00:00'),
(800, 146, 5, 'Tow', '2015-06-20 00:00:00', 'Tow', '2015-06-20 00:00:00'),
(801, 147, 1, 'Tow', '2015-06-20 00:00:00', 'Tow', '2015-06-20 00:00:00'),
(802, 147, 3, 'Tow', '2015-06-20 00:00:00', 'Tow', '2015-06-20 00:00:00'),
(803, 147, 4, 'Tow', '2015-06-20 00:00:00', 'Tow', '2015-06-20 00:00:00'),
(804, 147, 5, 'Tow', '2015-06-20 00:00:00', 'Tow', '2015-06-20 00:00:00'),
(805, 148, 1, 'Tow', '2015-06-20 00:00:00', 'Tow', '2015-06-20 00:00:00'),
(806, 148, 3, 'Tow', '2015-06-20 00:00:00', 'Tow', '2015-06-20 00:00:00'),
(807, 148, 4, 'Tow', '2015-06-20 00:00:00', 'Tow', '2015-06-20 00:00:00'),
(808, 148, 5, 'Tow', '2015-06-20 00:00:00', 'Tow', '2015-06-20 00:00:00'),
(809, 149, 1, 'Tow', '2015-06-20 00:00:00', 'Tow', '2015-06-20 00:00:00'),
(810, 149, 3, 'Tow', '2015-06-20 00:00:00', 'Tow', '2015-06-20 00:00:00'),
(811, 149, 4, 'Tow', '2015-06-20 00:00:00', 'Tow', '2015-06-20 00:00:00'),
(812, 149, 5, 'Tow', '2015-06-20 00:00:00', 'Tow', '2015-06-20 00:00:00'),
(813, 150, 1, 'Tow', '2015-06-20 00:00:00', 'Tow', '2015-06-20 00:00:00'),
(814, 150, 3, 'Tow', '2015-06-20 00:00:00', 'Tow', '2015-06-20 00:00:00'),
(815, 150, 4, 'Tow', '2015-06-20 00:00:00', 'Tow', '2015-06-20 00:00:00'),
(816, 150, 5, 'Tow', '2015-06-20 00:00:00', 'Tow', '2015-06-20 00:00:00'),
(817, 151, 1, 'Tow', '2015-06-20 00:00:00', 'Tow', '2015-06-20 00:00:00'),
(818, 151, 3, 'Tow', '2015-06-20 00:00:00', 'Tow', '2015-06-20 00:00:00'),
(819, 151, 4, 'Tow', '2015-06-20 00:00:00', 'Tow', '2015-06-20 00:00:00'),
(820, 151, 5, 'Tow', '2015-06-20 00:00:00', 'Tow', '2015-06-20 00:00:00'),
(821, 152, 1, 'Tow', '2015-06-20 00:00:00', 'Tow', '2015-06-20 00:00:00'),
(822, 152, 3, 'Tow', '2015-06-20 00:00:00', 'Tow', '2015-06-20 00:00:00'),
(823, 152, 4, 'Tow', '2015-06-20 00:00:00', 'Tow', '2015-06-20 00:00:00'),
(824, 152, 5, 'Tow', '2015-06-20 00:00:00', 'Tow', '2015-06-20 00:00:00'),
(825, 152, 7, 'Tow', '2015-06-20 00:00:00', 'Tow', '2015-06-20 00:00:00'),
(826, 153, 1, 'Tow', '2015-06-20 00:00:00', 'Tow', '2015-06-20 00:00:00'),
(827, 153, 3, 'Tow', '2015-06-20 00:00:00', 'Tow', '2015-06-20 00:00:00'),
(828, 153, 4, 'Tow', '2015-06-20 00:00:00', 'Tow', '2015-06-20 00:00:00'),
(829, 153, 5, 'Tow', '2015-06-20 00:00:00', 'Tow', '2015-06-20 00:00:00'),
(830, 153, 7, 'Tow', '2015-06-20 00:00:00', 'Tow', '2015-06-20 00:00:00'),
(831, 154, 1, 'Tow', '2015-06-20 00:00:00', 'Tow', '2015-06-20 00:00:00'),
(832, 154, 3, 'Tow', '2015-06-20 00:00:00', 'Tow', '2015-06-20 00:00:00'),
(833, 154, 4, 'Tow', '2015-06-20 00:00:00', 'Tow', '2015-06-20 00:00:00'),
(834, 154, 5, 'Tow', '2015-06-20 00:00:00', 'Tow', '2015-06-20 00:00:00'),
(835, 154, 7, 'Tow', '2015-06-20 00:00:00', 'Tow', '2015-06-20 00:00:00'),
(836, 155, 1, 'Tow', '2015-06-20 00:00:00', 'Tow', '2015-06-20 00:00:00'),
(837, 155, 3, 'Tow', '2015-06-20 00:00:00', 'Tow', '2015-06-20 00:00:00'),
(838, 155, 4, 'Tow', '2015-06-20 00:00:00', 'Tow', '2015-06-20 00:00:00'),
(839, 155, 5, 'Tow', '2015-06-20 00:00:00', 'Tow', '2015-06-20 00:00:00'),
(840, 155, 7, 'Tow', '2015-06-20 00:00:00', 'Tow', '2015-06-20 00:00:00'),
(841, 156, 1, 'Tow', '2015-06-20 00:00:00', 'Tow', '2015-06-20 00:00:00'),
(842, 156, 3, 'Tow', '2015-06-20 00:00:00', 'Tow', '2015-06-20 00:00:00'),
(843, 156, 4, 'Tow', '2015-06-20 00:00:00', 'Tow', '2015-06-20 00:00:00'),
(844, 156, 5, 'Tow', '2015-06-20 00:00:00', 'Tow', '2015-06-20 00:00:00'),
(845, 156, 7, 'Tow', '2015-06-20 00:00:00', 'Tow', '2015-06-20 00:00:00'),
(846, 157, 1, 'Tow', '2015-06-20 00:00:00', 'Tow', '2015-06-20 00:00:00'),
(847, 157, 3, 'Tow', '2015-06-20 00:00:00', 'Tow', '2015-06-20 00:00:00'),
(848, 157, 4, 'Tow', '2015-06-20 00:00:00', 'Tow', '2015-06-20 00:00:00'),
(849, 157, 5, 'Tow', '2015-06-20 00:00:00', 'Tow', '2015-06-20 00:00:00'),
(850, 157, 7, 'Tow', '2015-06-20 00:00:00', 'Tow', '2015-06-20 00:00:00'),
(851, 157, 8, 'Tow', '2015-06-20 00:00:00', 'Tow', '2015-06-20 00:00:00'),
(852, 158, 1, 'Tow', '2015-06-20 00:00:00', 'Tow', '2015-06-20 00:00:00'),
(853, 158, 3, 'Tow', '2015-06-20 00:00:00', 'Tow', '2015-06-20 00:00:00'),
(854, 158, 4, 'Tow', '2015-06-20 00:00:00', 'Tow', '2015-06-20 00:00:00'),
(855, 158, 5, 'Tow', '2015-06-20 00:00:00', 'Tow', '2015-06-20 00:00:00'),
(856, 158, 7, 'Tow', '2015-06-20 00:00:00', 'Tow', '2015-06-20 00:00:00'),
(857, 158, 8, 'Tow', '2015-06-20 00:00:00', 'Tow', '2015-06-20 00:00:00'),
(858, 159, 1, 'Tow', '2015-06-20 00:00:00', 'Tow', '2015-06-20 00:00:00'),
(859, 159, 3, 'Tow', '2015-06-20 00:00:00', 'Tow', '2015-06-20 00:00:00'),
(860, 159, 4, 'Tow', '2015-06-20 00:00:00', 'Tow', '2015-06-20 00:00:00'),
(861, 159, 5, 'Tow', '2015-06-20 00:00:00', 'Tow', '2015-06-20 00:00:00'),
(862, 159, 7, 'Tow', '2015-06-20 00:00:00', 'Tow', '2015-06-20 00:00:00'),
(863, 159, 8, 'Tow', '2015-06-20 00:00:00', 'Tow', '2015-06-20 00:00:00'),
(864, 160, 1, 'Tow', '2015-06-20 00:00:00', 'Tow', '2015-06-20 00:00:00'),
(865, 160, 3, 'Tow', '2015-06-20 00:00:00', 'Tow', '2015-06-20 00:00:00'),
(866, 160, 4, 'Tow', '2015-06-20 00:00:00', 'Tow', '2015-06-20 00:00:00'),
(867, 160, 5, 'Tow', '2015-06-20 00:00:00', 'Tow', '2015-06-20 00:00:00'),
(868, 160, 7, 'Tow', '2015-06-20 00:00:00', 'Tow', '2015-06-20 00:00:00'),
(869, 160, 8, 'Tow', '2015-06-20 00:00:00', 'Tow', '2015-06-20 00:00:00'),
(870, 161, 1, 'Tow', '2015-06-20 00:00:00', 'Tow', '2015-06-20 00:00:00'),
(871, 161, 3, 'Tow', '2015-06-20 00:00:00', 'Tow', '2015-06-20 00:00:00'),
(872, 161, 4, 'Tow', '2015-06-20 00:00:00', 'Tow', '2015-06-20 00:00:00'),
(873, 161, 5, 'Tow', '2015-06-20 00:00:00', 'Tow', '2015-06-20 00:00:00'),
(874, 161, 7, 'Tow', '2015-06-20 00:00:00', 'Tow', '2015-06-20 00:00:00'),
(875, 161, 8, 'Tow', '2015-06-20 00:00:00', 'Tow', '2015-06-20 00:00:00'),
(876, 162, 1, 'Tow', '2015-06-20 00:00:00', 'Tow', '2015-06-20 00:00:00'),
(877, 162, 3, 'Tow', '2015-06-20 00:00:00', 'Tow', '2015-06-20 00:00:00'),
(878, 162, 4, 'Tow', '2015-06-20 00:00:00', 'Tow', '2015-06-20 00:00:00'),
(879, 162, 5, 'Tow', '2015-06-20 00:00:00', 'Tow', '2015-06-20 00:00:00'),
(880, 162, 7, 'Tow', '2015-06-20 00:00:00', 'Tow', '2015-06-20 00:00:00'),
(881, 162, 8, 'Tow', '2015-06-20 00:00:00', 'Tow', '2015-06-20 00:00:00'),
(882, 163, 1, 'Tow', '2015-06-20 00:00:00', 'Tow', '2015-06-20 00:00:00'),
(883, 163, 3, 'Tow', '2015-06-20 00:00:00', 'Tow', '2015-06-20 00:00:00'),
(884, 163, 4, 'Tow', '2015-06-20 00:00:00', 'Tow', '2015-06-20 00:00:00'),
(885, 163, 5, 'Tow', '2015-06-20 00:00:00', 'Tow', '2015-06-20 00:00:00'),
(886, 163, 7, 'Tow', '2015-06-20 00:00:00', 'Tow', '2015-06-20 00:00:00'),
(887, 163, 8, 'Tow', '2015-06-20 00:00:00', 'Tow', '2015-06-20 00:00:00'),
(888, 164, 1, 'Tow', '2015-06-20 00:00:00', 'Tow', '2015-06-20 00:00:00'),
(889, 164, 3, 'Tow', '2015-06-20 00:00:00', 'Tow', '2015-06-20 00:00:00'),
(890, 164, 4, 'Tow', '2015-06-20 00:00:00', 'Tow', '2015-06-20 00:00:00'),
(891, 164, 5, 'Tow', '2015-06-20 00:00:00', 'Tow', '2015-06-20 00:00:00'),
(892, 164, 7, 'Tow', '2015-06-20 00:00:00', 'Tow', '2015-06-20 00:00:00'),
(893, 164, 8, 'Tow', '2015-06-20 00:00:00', 'Tow', '2015-06-20 00:00:00'),
(894, 165, 1, 'Tow', '2015-06-20 00:00:00', 'Tow', '2015-06-20 00:00:00'),
(895, 165, 3, 'Tow', '2015-06-20 00:00:00', 'Tow', '2015-06-20 00:00:00'),
(896, 165, 4, 'Tow', '2015-06-20 00:00:00', 'Tow', '2015-06-20 00:00:00'),
(897, 165, 5, 'Tow', '2015-06-20 00:00:00', 'Tow', '2015-06-20 00:00:00'),
(898, 165, 7, 'Tow', '2015-06-20 00:00:00', 'Tow', '2015-06-20 00:00:00'),
(899, 165, 8, 'Tow', '2015-06-20 00:00:00', 'Tow', '2015-06-20 00:00:00'),
(900, 168, 11, 'Tow', '2015-06-20 00:00:00', 'Tow', '2015-06-20 00:00:00'),
(901, 169, 11, 'Tow', '2015-06-20 00:00:00', 'Tow', '2015-06-20 00:00:00'),
(902, 170, 11, 'Tow', '2015-06-20 00:00:00', 'Tow', '2015-06-20 00:00:00'),
(903, 171, 11, 'Tow', '2015-06-20 00:00:00', 'Tow', '2015-06-20 00:00:00'),
(904, 172, 11, 'Tow', '2015-06-20 00:00:00', 'Tow', '2015-06-20 00:00:00'),
(905, 173, 11, 'Tow', '2015-06-20 00:00:00', 'Tow', '2015-06-20 00:00:00'),
(906, 174, 11, 'Tow', '2015-06-20 00:00:00', 'Tow', '2015-06-20 00:00:00'),
(907, 175, 11, 'Tow', '2015-06-20 00:00:00', 'Tow', '2015-06-20 00:00:00'),
(908, 176, 11, 'Tow', '2015-06-20 00:00:00', 'Tow', '2015-06-20 00:00:00'),
(909, 177, 11, 'Tow', '2015-06-20 00:00:00', 'Tow', '2015-06-20 00:00:00'),
(910, 178, 11, 'Tow', '2015-06-20 00:00:00', 'Tow', '2015-06-20 00:00:00'),
(911, 179, 11, 'Tow', '2015-06-20 00:00:00', 'Tow', '2015-06-20 00:00:00'),
(912, 180, 11, 'Tow', '2015-06-20 00:00:00', 'Tow', '2015-06-20 00:00:00'),
(913, 181, 11, 'Tow', '2015-06-20 00:00:00', 'Tow', '2015-06-20 00:00:00'),
(914, 182, 11, 'Tow', '2015-06-20 00:00:00', 'Tow', '2015-06-20 00:00:00'),
(915, 183, 11, 'Tow', '2015-06-20 00:00:00', 'Tow', '2015-06-20 00:00:00'),
(916, 184, 11, 'Tow', '2015-06-20 00:00:00', 'Tow', '2015-06-20 00:00:00');

-- --------------------------------------------------------

--
-- Table structure for table `size`
--

CREATE TABLE IF NOT EXISTS `size` (
  `SIZE_ID` int(11) NOT NULL,
  `SIZE_NM` varchar(10) CHARACTER SET latin1 NOT NULL
) ENGINE=MyISAM DEFAULT CHARSET=utf8 COLLATE=utf8_unicode_ci;

--
-- Dumping data for table `size`
--

INSERT INTO `size` (`SIZE_ID`, `SIZE_NM`) VALUES
(1, 'S'),
(2, 'SS'),
(3, 'M'),
(4, 'L'),
(5, 'XL'),
(6, 'XXL'),
(7, '3L'),
(8, '4L'),
(9, '5L'),
(10, '3S'),
(11, 'Free Size');

-- --------------------------------------------------------

--
-- Table structure for table `stock`
--

CREATE TABLE IF NOT EXISTS `stock` (
  `STOCK_ID` int(11) NOT NULL,
  `PRODUCT_DTL_ID` int(11) NOT NULL,
  `QUANTITY` int(11) NOT NULL,
  `BASE_PRICE` int(11) NOT NULL,
  `CREATED_BY` varchar(100) COLLATE utf8_unicode_ci NOT NULL,
  `CREATED_DATE` date NOT NULL,
  `UPDATED_BY` varchar(100) COLLATE utf8_unicode_ci NOT NULL,
  `UPDATED_DATE` date NOT NULL
) ENGINE=MyISAM DEFAULT CHARSET=utf8 COLLATE=utf8_unicode_ci;

--
-- Dumping data for table `stock`
--

INSERT INTO `stock` (`STOCK_ID`, `PRODUCT_DTL_ID`, `QUANTITY`, `BASE_PRICE`, `CREATED_BY`, `CREATED_DATE`, `UPDATED_BY`, `UPDATED_DATE`) VALUES
(0, 1, 50, 0, '', '0000-00-00', '', '0000-00-00'),
(0, 2, 51, 0, '', '0000-00-00', '', '0000-00-00'),
(0, 3, 52, 0, '', '0000-00-00', '', '0000-00-00'),
(0, 4, 53, 0, '', '0000-00-00', '', '0000-00-00'),
(0, 5, 54, 0, '', '0000-00-00', '', '0000-00-00'),
(0, 6, 55, 0, '', '0000-00-00', '', '0000-00-00');

-- --------------------------------------------------------

--
-- Table structure for table `users`
--

CREATE TABLE IF NOT EXISTS `users` (
`USER_ID` int(11) NOT NULL,
  `USER_TYPE` varchar(10) COLLATE utf8_unicode_ci DEFAULT NULL,
  `USERNAME` varchar(12) COLLATE utf8_unicode_ci DEFAULT NULL,
  `PASSWORD` varchar(100) COLLATE utf8_unicode_ci DEFAULT NULL,
  `FIRSTNAME` varchar(20) COLLATE utf8_unicode_ci DEFAULT NULL,
  `LASTNAME` varchar(20) COLLATE utf8_unicode_ci DEFAULT NULL,
  `EMAIL` int(48) DEFAULT NULL,
  `ADDRESS` int(255) DEFAULT NULL,
  `CREATED_BY` varchar(100) COLLATE utf8_unicode_ci DEFAULT NULL,
  `CREATED_DATE` date DEFAULT NULL,
  `UPDATED_BY` varchar(100) COLLATE utf8_unicode_ci DEFAULT NULL,
  `UPDATED_DATE` date DEFAULT NULL
) ENGINE=MyISAM AUTO_INCREMENT=2 DEFAULT CHARSET=utf8 COLLATE=utf8_unicode_ci;

--
-- Dumping data for table `users`
--

INSERT INTO `users` (`USER_ID`, `USER_TYPE`, `USERNAME`, `PASSWORD`, `FIRSTNAME`, `LASTNAME`, `EMAIL`, `ADDRESS`, `CREATED_BY`, `CREATED_DATE`, `UPDATED_BY`, `UPDATED_DATE`) VALUES
(0, 'admin', 'pai', '03c9a9346fcc572b1ccf21ec81aeaef9', 'กีรติ', 'อ่อนโฉม', NULL, NULL, NULL, NULL, NULL, NULL),
(1, 'user', 'test', '03c9a9346fcc572b1ccf21ec81aeaef9', 'ทดสอบ', 'ระบบ', NULL, NULL, NULL, NULL, NULL, NULL);

--
-- Indexes for dumped tables
--

--
-- Indexes for table `catalog`
--
ALTER TABLE `catalog`
 ADD PRIMARY KEY (`CATALOG_ID`);

--
-- Indexes for table `colors`
--
ALTER TABLE `colors`
 ADD PRIMARY KEY (`COLOR_ID`), ADD UNIQUE KEY `COLOR_ID` (`COLOR_ID`);

--
-- Indexes for table `order`
--
ALTER TABLE `order`
 ADD PRIMARY KEY (`ORDER_ID`,`ORDER_GNR_NUMBER`);

--
-- Indexes for table `order_dtl`
--
ALTER TABLE `order_dtl`
 ADD PRIMARY KEY (`ORDER_DTL_ID`);

--
-- Indexes for table `product`
--
ALTER TABLE `product`
 ADD PRIMARY KEY (`PRODUCT_ID`);

--
-- Indexes for table `product_dtl`
--
ALTER TABLE `product_dtl`
 ADD PRIMARY KEY (`PRODUCT_DTL_ID`);

--
-- Indexes for table `product_dtl_image`
--
ALTER TABLE `product_dtl_image`
 ADD PRIMARY KEY (`PRODUCT_DTL_IMAGE_ID`);

--
-- Indexes for table `product_dtl_size`
--
ALTER TABLE `product_dtl_size`
 ADD PRIMARY KEY (`PRODUCT_DTL_SZ_ID`);

--
-- Indexes for table `size`
--
ALTER TABLE `size`
 ADD PRIMARY KEY (`SIZE_ID`);

--
-- Indexes for table `users`
--
ALTER TABLE `users`
 ADD PRIMARY KEY (`USER_ID`);

--
-- AUTO_INCREMENT for dumped tables
--

--
-- AUTO_INCREMENT for table `catalog`
--
ALTER TABLE `catalog`
MODIFY `CATALOG_ID` int(11) NOT NULL AUTO_INCREMENT,AUTO_INCREMENT=11;
--
-- AUTO_INCREMENT for table `order`
--
ALTER TABLE `order`
MODIFY `ORDER_ID` int(11) NOT NULL AUTO_INCREMENT;
--
-- AUTO_INCREMENT for table `order_dtl`
--
ALTER TABLE `order_dtl`
MODIFY `ORDER_DTL_ID` int(11) NOT NULL AUTO_INCREMENT;
--
-- AUTO_INCREMENT for table `product`
--
ALTER TABLE `product`
MODIFY `PRODUCT_ID` int(11) NOT NULL AUTO_INCREMENT,AUTO_INCREMENT=60;
--
-- AUTO_INCREMENT for table `product_dtl`
--
ALTER TABLE `product_dtl`
MODIFY `PRODUCT_DTL_ID` int(11) NOT NULL AUTO_INCREMENT,AUTO_INCREMENT=185;
--
-- AUTO_INCREMENT for table `product_dtl_image`
--
ALTER TABLE `product_dtl_image`
MODIFY `PRODUCT_DTL_IMAGE_ID` int(11) NOT NULL AUTO_INCREMENT,AUTO_INCREMENT=623;
--
-- AUTO_INCREMENT for table `product_dtl_size`
--
ALTER TABLE `product_dtl_size`
MODIFY `PRODUCT_DTL_SZ_ID` int(11) NOT NULL AUTO_INCREMENT,AUTO_INCREMENT=917;
--
-- AUTO_INCREMENT for table `users`
--
ALTER TABLE `users`
MODIFY `USER_ID` int(11) NOT NULL AUTO_INCREMENT,AUTO_INCREMENT=2;
/*!40101 SET CHARACTER_SET_CLIENT=@OLD_CHARACTER_SET_CLIENT */;
/*!40101 SET CHARACTER_SET_RESULTS=@OLD_CHARACTER_SET_RESULTS */;
/*!40101 SET COLLATION_CONNECTION=@OLD_COLLATION_CONNECTION */;
